[2026-03-03T22:05:34.955] [DEBUG] debug-file - env: nodejsVersion=v18.20.1
[2026-03-03T22:05:34.965] [DEBUG] debug-file - env: daemon=true
[2026-03-03T22:05:34.956] [DEBUG] debug-file - env: hvigor-config.json5 content = {
  modelVersion: '6.0.1',
  dependencies: {},
  execution: {},
  logging: {},
  debugging: {},
  nodeOptions: {}
}
[2026-03-03T22:05:35.150] [DEBUG] debug-file - java daemon tryConnect success
[2026-03-03T22:05:35.160] [DEBUG] debug-file - session manager: set active socket. socketId=XGy1g7LjduAkxJm5AAAB
[2026-03-03T22:05:35.331] [DEBUG] debug-file - watch worker: worker id should be larger than 0. Nothing will be sent to any worker thread.
[2026-03-03T22:05:35.333] [DEBUG] debug-file - Since there is no instance or instance is terminated, create a new worker pool.
[2026-03-03T22:05:35.333] [DEBUG] debug-file - Worker pool is initialized with config:  {
  minPoolNum: 2,
  maxPoolNum: undefined,
  maxCoreSize: undefined,
  cacheCapacity: undefined,
  cacheTtl: undefined
}
[2026-03-03T22:05:35.334] [DEBUG] debug-file - Create  resident worker with id: 0.
[2026-03-03T22:05:35.335] [DEBUG] debug-file - Create  resident worker with id: 1.
[2026-03-03T22:05:35.336] [DEBUG] debug-file - Workers' log level updated to INFO
[2026-03-03T22:05:35.338] [DEBUG] debug-file - Hvigor init with startParameters:{
  hvigorfileTypeCheck: false,
  parallelExecution: true,
  incrementalExecution: true,
  printStackTrace: false,
  daemon: true,
  analyze: 0,
  logLevel: Level { level: 20000, levelStr: 'INFO', colour: 'green' },
  optimizationStrategy: 'memory',
  hotCompile: undefined,
  hotReloadBuild: undefined,
  customizedParam: undefined
}
[2026-03-03T22:05:35.338] [DEBUG] debug-file - Since current hvigor version 6.22.3 differs from last hvigor version 
      undefined, delete file-cache.json and task-cache.json.
[2026-03-03T22:05:35.339] [DEBUG] debug-file - Cache service initialization finished in 1 ms 
[2026-03-03T22:05:35.340] [DEBUG] debug-file - hvigorfile, resolving /Users/jinglun/repository/DevEcoStudioProjects/WorkflowCelia/hvigorfile.ts
[2026-03-03T22:05:35.741] [DEBUG] debug-file - hvigorfile, require result:  { default: { plugins: [] } }
[2026-03-03T22:05:35.741] [DEBUG] debug-file - hvigorfile, binding system plugins null
[2026-03-03T22:05:35.741] [DEBUG] debug-file - Starting plugin build process
[2026-03-03T22:05:35.741] [DEBUG] debug-file - App plugin prepare start...
[2026-03-03T22:05:35.741] [DEBUG] debug-file - App plugin prepare end...
[2026-03-03T22:05:35.741] [DEBUG] debug-file - App plugin creating...
[2026-03-03T22:05:35.812] [DEBUG] debug-file - App plugin register hook start...
[2026-03-03T22:05:35.812] [DEBUG] debug-file - App plugin register hook end...
[2026-03-03T22:05:35.812] [DEBUG] debug-file - Plugin build process completed
[2026-03-03T22:05:35.813] [DEBUG] debug-file - Start initialize project's product build option map with build mode debug.
[2026-03-03T22:05:35.813] [DEBUG] debug-file - Picking option from product 'default' with build mode 'debug'.
[2026-03-03T22:05:35.813] [DEBUG] debug-file - Product 'default' build option initialized
[2026-03-03T22:05:35.813] [DEBUG] debug-file - End initialize project's product build option map with build mode 'debug'.
[2026-03-03T22:05:35.814] [DEBUG] debug-file - Obtain build option for product 'default'in this build.
[2026-03-03T22:05:35.818] [DEBUG] debug-file - /Users/jinglun/repository/DevEcoStudioProjects/WorkflowCelia/build/cache/default/remote_hsp/remoteHspCache.json not exists.
[2026-03-03T22:05:35.818] [DEBUG] debug-file - Local scan or download HarmonyOS sdk components toolchains,ets,js,native,previewer
[2026-03-03T22:05:35.819] [DEBUG] debug-file - Local scan or download hmscore sdk components toolchains,ets,native
[2026-03-03T22:05:35.820] [DEBUG] debug-file - Start recording SDK configuration permission data.
[2026-03-03T22:05:35.835] [DEBUG] debug-file - Sdk init in 17 ms 
[2026-03-03T22:05:35.837] [DEBUG] debug-file - Project task initialization takes 2 ms 
[2026-03-03T22:05:35.837] [DEBUG] debug-file - hvigorfile, binding custom plugins []
[2026-03-03T22:05:35.837] [DEBUG] debug-file - hvigorfile, no custom plugins were found in /Users/jinglun/repository/DevEcoStudioProjects/WorkflowCelia/hvigorfile.ts
[2026-03-03T22:05:35.837] [DEBUG] debug-file - hvigorfile, resolve finished /Users/jinglun/repository/DevEcoStudioProjects/WorkflowCelia/hvigorfile.ts
[2026-03-03T22:05:35.837] [DEBUG] debug-file - hvigorfile, resolving /Users/jinglun/repository/DevEcoStudioProjects/WorkflowCelia/entry/hvigorfile.ts
[2026-03-03T22:05:35.840] [DEBUG] debug-file - hvigorfile, require result:  { default: { plugins: [] } }
[2026-03-03T22:05:35.840] [DEBUG] debug-file - hvigorfile, binding system plugins null
[2026-03-03T22:05:35.840] [DEBUG] debug-file - Starting plugin build process
[2026-03-03T22:05:35.840] [DEBUG] debug-file - Hap plugin creating...
[2026-03-03T22:05:35.840] [DEBUG] debug-file - failed to load cangjie to dynamically generate schemas: Error: Cannot find module '@ohos/cangjie-build-support/index'
Require stack:
- /Applications/DevEco-Studio.app/Contents/tools/hvigor/hvigor-ohos-plugin/src/plugin/hooks/cangjie-register.js
- /Applications/DevEco-Studio.app/Contents/tools/hvigor/hvigor-ohos-plugin/src/plugin/strategy/stage-init-strategy.js
- /Applications/DevEco-Studio.app/Contents/tools/hvigor/hvigor-ohos-plugin/src/plugin/builder/abstract-plugin-builder.js
- /Applications/DevEco-Studio.app/Contents/tools/hvigor/hvigor-ohos-plugin/src/plugin/builder/app-plugin-builder.js
- /Applications/DevEco-Studio.app/Contents/tools/hvigor/hvigor-ohos-plugin/src/plugin/factory/plugin-factory.js
- /Applications/DevEco-Studio.app/Contents/tools/hvigor/hvigor-ohos-plugin/index.js
- /Users/jinglun/repository/DevEcoStudioProjects/WorkflowCelia/hvigorfile.ts
- /Applications/DevEco-Studio.app/Contents/tools/hvigor/hvigor/src/base/internal/lifecycle/configuration.js
- /Applications/DevEco-Studio.app/Contents/tools/hvigor/hvigor/src/base/boot/index.js
- /Applications/DevEco-Studio.app/Contents/tools/hvigor/hvigor/src/base/daemon/cluster/worker-process-lifecycle.js
- /Applications/DevEco-Studio.app/Contents/tools/hvigor/hvigor/src/base/daemon/process/daemon-process-boot-script.js
[2026-03-03T22:05:35.846] [DEBUG] debug-file - Start initialize module-target build option map, moduleName=entry, buildMode=debug
[2026-03-03T22:05:35.846] [DEBUG] debug-file - Target 'default' config initialized
[2026-03-03T22:05:35.846] [DEBUG] debug-file - Target 'ohosTest' config initialized
[2026-03-03T22:05:35.846] [DEBUG] debug-file - Module 'entry' target 'default' build option initialized
[2026-03-03T22:05:35.846] [DEBUG] debug-file - Module 'entry' target 'ohosTest' build option initialized
[2026-03-03T22:05:35.846] [DEBUG] debug-file - End initialize module-target build option map, moduleName=entry
[2026-03-03T22:05:35.846] [DEBUG] debug-file - Start initialize module-target build option map, moduleName=entry, buildMode=release
[2026-03-03T22:05:35.846] [DEBUG] debug-file - Target 'default' config initialized
[2026-03-03T22:05:35.847] [DEBUG] debug-file - Target 'ohosTest' config initialized
[2026-03-03T22:05:35.847] [DEBUG] debug-file - Module 'entry' target 'default' build option initialized
[2026-03-03T22:05:35.847] [DEBUG] debug-file - Module 'entry' target 'ohosTest' build option initialized
[2026-03-03T22:05:35.847] [DEBUG] debug-file - End initialize module-target build option map, moduleName=entry
[2026-03-03T22:05:35.847] [DEBUG] debug-file - Start initialize module-target build option map, moduleName=entry, buildMode=debug
[2026-03-03T22:05:35.847] [DEBUG] debug-file - Target 'default' config initialized
[2026-03-03T22:05:35.847] [DEBUG] debug-file - Target 'ohosTest' config initialized
[2026-03-03T22:05:35.847] [DEBUG] debug-file - Module 'entry' target 'default' build option initialized
[2026-03-03T22:05:35.847] [DEBUG] debug-file - Module 'entry' target 'ohosTest' build option initialized
[2026-03-03T22:05:35.847] [DEBUG] debug-file - End initialize module-target build option map, moduleName=entry
[2026-03-03T22:05:35.847] [DEBUG] debug-file - Obtain build option for module 'entry' target 'default'in this build.
[2026-03-03T22:05:35.849] [DEBUG] debug-file - Module entry task initialization takes 2 ms 
[2026-03-03T22:05:35.849] [DEBUG] debug-file - Hap plugin register hook start...
[2026-03-03T22:05:35.849] [DEBUG] debug-file - Hap plugin register hook end...
[2026-03-03T22:05:35.849] [DEBUG] debug-file - Plugin build process completed
[2026-03-03T22:05:35.849] [DEBUG] debug-file - hvigorfile, binding custom plugins []
[2026-03-03T22:05:35.849] [DEBUG] debug-file - hvigorfile, no custom plugins were found in /Users/jinglun/repository/DevEcoStudioProjects/WorkflowCelia/entry/hvigorfile.ts
[2026-03-03T22:05:35.849] [DEBUG] debug-file - hvigorfile, resolve finished /Users/jinglun/repository/DevEcoStudioProjects/WorkflowCelia/entry/hvigorfile.ts
[2026-03-03T22:05:35.883] [DEBUG] debug-file - hvigorfile, resolve hvigorfile dependencies in 34 ms 
[2026-03-03T22:05:35.883] [DEBUG] debug-file - project has submodules:entry
[2026-03-03T22:05:35.883] [DEBUG] debug-file - start to load updatedOhPackageInfo to the disk
[2026-03-03T22:05:35.884] [DEBUG] debug-file - load to the disk finished
[2026-03-03T22:05:35.884] [DEBUG] debug-file - Start to initialize dependency information.
[2026-03-03T22:05:35.887] [DEBUG] debug-file - Module WorkflowCelia Collected Dependency: 
[2026-03-03T22:05:35.887] [DEBUG] debug-file - Module WorkflowCelia's total dependency: 0
[2026-03-03T22:05:35.887] [DEBUG] debug-file - Start to initialize dependency information.
[2026-03-03T22:05:35.888] [DEBUG] debug-file - Module entry Collected Dependency: 
[2026-03-03T22:05:35.888] [DEBUG] debug-file - Module entry's total dependency: 0
[2026-03-03T22:05:35.889] [DEBUG] debug-file - Configuration phase cost:551 ms 
[2026-03-03T22:05:35.890] [DEBUG] debug-file - Configuration task cost before running: 555 ms 
[2026-03-03T22:05:35.890] [DEBUG] debug-file - Executing task :entry:clean
[2026-03-03T22:05:35.890] [DEBUG] debug-file - clean: Worker pool is inactive.
[2026-03-03T22:05:35.920] [DEBUG] debug-file - entry : clean cost memory 1.6993255615234375
[2026-03-03T22:05:35.921] [DEBUG] debug-file - runTaskFromQueue task cost before running: 585 ms 
[2026-03-03T22:05:35.921] [INFO] debug-file - Finished :entry:clean... after 31 ms 
[2026-03-03T22:05:35.921] [DEBUG] debug-file - Executing task ::clean
[2026-03-03T22:05:35.921] [DEBUG] debug-file - clean: Worker pool is inactive.
[2026-03-03T22:05:35.921] [DEBUG] debug-file - WorkflowCelia : clean cost memory 0.0253143310546875
[2026-03-03T22:05:35.921] [DEBUG] debug-file - runTaskFromQueue task cost before running: 586 ms 
[2026-03-03T22:05:35.921] [INFO] debug-file - Finished ::clean... after 1 ms 
[2026-03-03T22:05:35.921] [DEBUG] debug-file - Executing task :entry:init
[2026-03-03T22:05:35.921] [DEBUG] debug-file - entry : init cost memory 0.01488494873046875
[2026-03-03T22:05:35.921] [DEBUG] debug-file - runTaskFromQueue task cost before running: 586 ms 
[2026-03-03T22:05:35.921] [INFO] debug-file - Finished :entry:init... after 1 ms 
[2026-03-03T22:05:35.921] [DEBUG] debug-file - Executing task ::init
[2026-03-03T22:05:35.921] [DEBUG] debug-file - WorkflowCelia : init cost memory 0.01375579833984375
[2026-03-03T22:05:35.921] [DEBUG] debug-file - runTaskFromQueue task cost before running: 586 ms 
[2026-03-03T22:05:35.921] [INFO] debug-file - Finished ::init... after 1 ms 
[2026-03-03T22:05:35.924] [DEBUG] debug-file - Obtain build option for module 'entry' target 'default'in this build.
[2026-03-03T22:05:35.924] [DEBUG] debug-file - Obtain build option for module 'entry' target 'ohosTest'in this build.
[2026-03-03T22:05:35.925] [DEBUG] debug-file - Cleanup worker 0.
[2026-03-03T22:05:35.925] [DEBUG] debug-file - Worker 0 has been cleaned up.
[2026-03-03T22:05:35.925] [DEBUG] debug-file - Current idle worker size: 1.
[2026-03-03T22:05:35.925] [DEBUG] debug-file - Current resident worker size: 2.
[2026-03-03T22:05:35.925] [DEBUG] debug-file - Cleanup worker 1.
[2026-03-03T22:05:35.925] [DEBUG] debug-file - Worker 1 has been cleaned up.
[2026-03-03T22:05:35.925] [DEBUG] debug-file - Current idle worker size: 0.
[2026-03-03T22:05:35.925] [DEBUG] debug-file - Current resident worker size: 2.
[2026-03-03T22:05:35.925] [DEBUG] debug-file - hvigor build process will be closed.
[2026-03-03T22:05:35.981] [DEBUG] debug-file - worker[1] exits with exit code 1.
[2026-03-03T22:05:35.981] [DEBUG] debug-file - worker[0] exits with exit code 1.
[2026-03-03T22:05:35.991] [DEBUG] debug-file - session manager: send message to worker process.
[2026-03-03T22:05:35.991] [DEBUG] debug-file - session manager: send message to worker process.
[2026-03-03T22:05:35.991] [DEBUG] debug-file - watch worker: worker id should be larger than 0. Nothing will be sent to any worker thread.
[2026-03-03T22:05:35.991] [DEBUG] debug-file - watch worker: worker id should be larger than 0. Nothing will be sent to any worker thread.
[2026-03-03T22:06:08.891] [DEBUG] debug-file - session manager: set active socket. socketId=8fo1sXBlJrCUDZQ-AAAD
[2026-03-03T22:06:08.892] [DEBUG] debug-file - watch worker: worker id should be larger than 0. Nothing will be sent to any worker thread.
[2026-03-03T22:06:08.894] [DEBUG] debug-file - Workers' log level updated to INFO
[2026-03-03T22:06:08.895] [DEBUG] debug-file - Hvigor init with startParameters:{
  hvigorfileTypeCheck: false,
  parallelExecution: true,
  incrementalExecution: true,
  printStackTrace: false,
  daemon: true,
  analyze: 0,
  logLevel: Level { level: 20000, levelStr: 'INFO', colour: 'green' },
  optimizationStrategy: 'memory',
  hotCompile: undefined,
  hotReloadBuild: undefined,
  customizedParam: undefined
}
[2026-03-03T22:06:08.895] [DEBUG] debug-file - Cache service initialization finished in 1 ms 
[2026-03-03T22:06:08.896] [DEBUG] debug-file - hvigorfile, resolving /Users/jinglun/repository/DevEcoStudioProjects/WorkflowCelia/hvigorfile.ts
[2026-03-03T22:06:08.899] [DEBUG] debug-file - hvigorfile, require result:  { default: { plugins: [] } }
[2026-03-03T22:06:08.899] [DEBUG] debug-file - hvigorfile, binding system plugins null
[2026-03-03T22:06:08.900] [DEBUG] debug-file - Starting plugin build process
[2026-03-03T22:06:08.900] [DEBUG] debug-file - App plugin prepare start...
[2026-03-03T22:06:08.900] [DEBUG] debug-file - App plugin prepare end...
[2026-03-03T22:06:08.900] [DEBUG] debug-file - App plugin creating...
[2026-03-03T22:06:08.903] [DEBUG] debug-file - App plugin register hook start...
[2026-03-03T22:06:08.903] [DEBUG] debug-file - App plugin register hook end...
[2026-03-03T22:06:08.903] [DEBUG] debug-file - Plugin build process completed
[2026-03-03T22:06:08.903] [DEBUG] debug-file - Start initialize project's product build option map with build mode debug.
[2026-03-03T22:06:08.903] [DEBUG] debug-file - Picking option from product 'default' with build mode 'debug'.
[2026-03-03T22:06:08.903] [DEBUG] debug-file - Product 'default' build option initialized
[2026-03-03T22:06:08.903] [DEBUG] debug-file - End initialize project's product build option map with build mode 'debug'.
[2026-03-03T22:06:08.903] [DEBUG] debug-file - Obtain build option for product 'default'in this build.
[2026-03-03T22:06:08.905] [DEBUG] debug-file - /Users/jinglun/repository/DevEcoStudioProjects/WorkflowCelia/build/cache/default/remote_hsp/remoteHspCache.json not exists.
[2026-03-03T22:06:08.906] [DEBUG] debug-file - Start recording SDK configuration permission data.
[2026-03-03T22:06:08.917] [DEBUG] debug-file - Sdk init in 13 ms 
[2026-03-03T22:06:08.919] [DEBUG] debug-file - Project task initialization takes 1 ms 
[2026-03-03T22:06:08.919] [DEBUG] debug-file - hvigorfile, binding custom plugins []
[2026-03-03T22:06:08.919] [DEBUG] debug-file - hvigorfile, no custom plugins were found in /Users/jinglun/repository/DevEcoStudioProjects/WorkflowCelia/hvigorfile.ts
[2026-03-03T22:06:08.919] [DEBUG] debug-file - hvigorfile, resolve finished /Users/jinglun/repository/DevEcoStudioProjects/WorkflowCelia/hvigorfile.ts
[2026-03-03T22:06:08.919] [DEBUG] debug-file - hvigorfile, resolving /Users/jinglun/repository/DevEcoStudioProjects/WorkflowCelia/entry/hvigorfile.ts
[2026-03-03T22:06:08.921] [DEBUG] debug-file - hvigorfile, require result:  { default: { plugins: [] } }
[2026-03-03T22:06:08.921] [DEBUG] debug-file - hvigorfile, binding system plugins null
[2026-03-03T22:06:08.921] [DEBUG] debug-file - Starting plugin build process
[2026-03-03T22:06:08.921] [DEBUG] debug-file - Hap plugin creating...
[2026-03-03T22:06:08.921] [DEBUG] debug-file - failed to load cangjie to dynamically generate schemas: Error: Cannot find module '@ohos/cangjie-build-support/index'
Require stack:
- /Applications/DevEco-Studio.app/Contents/tools/hvigor/hvigor-ohos-plugin/src/plugin/hooks/cangjie-register.js
- /Applications/DevEco-Studio.app/Contents/tools/hvigor/hvigor-ohos-plugin/src/plugin/strategy/stage-init-strategy.js
- /Applications/DevEco-Studio.app/Contents/tools/hvigor/hvigor-ohos-plugin/src/plugin/builder/abstract-plugin-builder.js
- /Applications/DevEco-Studio.app/Contents/tools/hvigor/hvigor-ohos-plugin/src/plugin/builder/app-plugin-builder.js
- /Applications/DevEco-Studio.app/Contents/tools/hvigor/hvigor-ohos-plugin/src/plugin/factory/plugin-factory.js
- /Applications/DevEco-Studio.app/Contents/tools/hvigor/hvigor-ohos-plugin/index.js
- /Users/jinglun/repository/DevEcoStudioProjects/WorkflowCelia/hvigorfile.ts
- /Applications/DevEco-Studio.app/Contents/tools/hvigor/hvigor/src/base/internal/lifecycle/configuration.js
- /Applications/DevEco-Studio.app/Contents/tools/hvigor/hvigor/src/base/boot/index.js
- /Applications/DevEco-Studio.app/Contents/tools/hvigor/hvigor/src/base/daemon/cluster/worker-process-lifecycle.js
- /Applications/DevEco-Studio.app/Contents/tools/hvigor/hvigor/src/base/daemon/process/daemon-process-boot-script.js
[2026-03-03T22:06:08.922] [DEBUG] debug-file - Start initialize module-target build option map, moduleName=entry, buildMode=debug
[2026-03-03T22:06:08.922] [DEBUG] debug-file - Target 'default' config initialized
[2026-03-03T22:06:08.922] [DEBUG] debug-file - Target 'ohosTest' config initialized
[2026-03-03T22:06:08.922] [DEBUG] debug-file - Module 'entry' target 'default' build option initialized
[2026-03-03T22:06:08.922] [DEBUG] debug-file - Module 'entry' target 'ohosTest' build option initialized
[2026-03-03T22:06:08.922] [DEBUG] debug-file - End initialize module-target build option map, moduleName=entry
[2026-03-03T22:06:08.922] [DEBUG] debug-file - Start initialize module-target build option map, moduleName=entry, buildMode=release
[2026-03-03T22:06:08.922] [DEBUG] debug-file - Target 'default' config initialized
[2026-03-03T22:06:08.922] [DEBUG] debug-file - Target 'ohosTest' config initialized
[2026-03-03T22:06:08.923] [DEBUG] debug-file - Module 'entry' target 'default' build option initialized
[2026-03-03T22:06:08.923] [DEBUG] debug-file - Module 'entry' target 'ohosTest' build option initialized
[2026-03-03T22:06:08.923] [DEBUG] debug-file - End initialize module-target build option map, moduleName=entry
[2026-03-03T22:06:08.923] [DEBUG] debug-file - Start initialize module-target build option map, moduleName=entry, buildMode=debug
[2026-03-03T22:06:08.923] [DEBUG] debug-file - Target 'default' config initialized
[2026-03-03T22:06:08.923] [DEBUG] debug-file - Target 'ohosTest' config initialized
[2026-03-03T22:06:08.923] [DEBUG] debug-file - Module 'entry' target 'default' build option initialized
[2026-03-03T22:06:08.923] [DEBUG] debug-file - Module 'entry' target 'ohosTest' build option initialized
[2026-03-03T22:06:08.923] [DEBUG] debug-file - End initialize module-target build option map, moduleName=entry
[2026-03-03T22:06:08.923] [DEBUG] debug-file - Obtain build option for module 'entry' target 'default'in this build.
[2026-03-03T22:06:08.923] [DEBUG] debug-file - Module entry task initialization takes 1 ms 
[2026-03-03T22:06:08.923] [DEBUG] debug-file - Hap plugin register hook start...
[2026-03-03T22:06:08.924] [DEBUG] debug-file - Hap plugin register hook end...
[2026-03-03T22:06:08.924] [DEBUG] debug-file - Plugin build process completed
[2026-03-03T22:06:08.924] [DEBUG] debug-file - hvigorfile, binding custom plugins []
[2026-03-03T22:06:08.924] [DEBUG] debug-file - hvigorfile, no custom plugins were found in /Users/jinglun/repository/DevEcoStudioProjects/WorkflowCelia/entry/hvigorfile.ts
[2026-03-03T22:06:08.924] [DEBUG] debug-file - hvigorfile, resolve finished /Users/jinglun/repository/DevEcoStudioProjects/WorkflowCelia/entry/hvigorfile.ts
[2026-03-03T22:06:08.956] [DEBUG] debug-file - hvigorfile, resolve hvigorfile dependencies in 32 ms 
[2026-03-03T22:06:08.956] [DEBUG] debug-file - project has submodules:entry
[2026-03-03T22:06:08.956] [DEBUG] debug-file - start to load updatedOhPackageInfo to the disk
[2026-03-03T22:06:08.957] [DEBUG] debug-file - load to the disk finished
[2026-03-03T22:06:08.957] [DEBUG] debug-file - Start to initialize dependency information.
[2026-03-03T22:06:08.958] [DEBUG] debug-file - Module WorkflowCelia Collected Dependency: 
[2026-03-03T22:06:08.958] [DEBUG] debug-file - Module WorkflowCelia's total dependency: 0
[2026-03-03T22:06:08.958] [DEBUG] debug-file - Start to initialize dependency information.
[2026-03-03T22:06:08.958] [DEBUG] debug-file - Module entry Collected Dependency: 
[2026-03-03T22:06:08.958] [DEBUG] debug-file - Module entry's total dependency: 0
[2026-03-03T22:06:08.959] [DEBUG] debug-file - Configuration phase cost:64 ms 
[2026-03-03T22:06:08.959] [DEBUG] debug-file - Configuration task cost before running: 66 ms 
[2026-03-03T22:06:08.961] [DEBUG] debug-file - Executing task :entry:default@PreBuild
[2026-03-03T22:06:08.962] [DEBUG] debug-file - Task 'entry:default@PreBuild' cost while wrapping incremental declarations: 1 ms 
[2026-03-03T22:06:09.049] [DEBUG] debug-file - current product is not Atomic service.
[2026-03-03T22:06:09.049] [DEBUG] debug-file - Use tool [darwin: JAVA_HOME, CLASSPATH]
 [
  {
    JAVA_HOME: '/Applications/DevEco-Studio.app/Contents/jbr/Contents/Home'
  },
  { CLASSPATH: undefined }
]
[2026-03-03T22:06:09.049] [DEBUG] debug-file - Use tool [darwin: NODE_HOME]
 [
  {
    NODE_HOME: '/Applications/DevEco-Studio.app/Contents/tools/node/bin'
  }
]
[2026-03-03T22:06:09.049] [DEBUG] debug-file - entry : default@PreBuild cost memory 6.418479919433594
[2026-03-03T22:06:09.049] [DEBUG] debug-file - runTaskFromQueue task cost before running: 156 ms 
[2026-03-03T22:06:09.050] [INFO] debug-file - Finished :entry:default@PreBuild... after 89 ms 
[2026-03-03T22:06:09.050] [DEBUG] debug-file - Executing task :entry:default@CreateModuleInfo
[2026-03-03T22:06:09.050] [DEBUG] debug-file - Task 'entry:default@CreateModuleInfo' cost while wrapping incremental declarations: 1 ms 
[2026-03-03T22:06:09.050] [DEBUG] debug-file - entry : default@CreateModuleInfo cost memory 0.0471649169921875
[2026-03-03T22:06:09.050] [DEBUG] debug-file - runTaskFromQueue task cost before running: 157 ms 
[2026-03-03T22:06:09.050] [INFO] debug-file - Finished :entry:default@CreateModuleInfo... after 1 ms 
[2026-03-03T22:06:09.051] [DEBUG] debug-file - Executing task :entry:default@GenerateMetadata
[2026-03-03T22:06:09.051] [DEBUG] debug-file - Task 'entry:default@GenerateMetadata' cost while wrapping incremental declarations: 1 ms 
[2026-03-03T22:06:09.052] [DEBUG] debug-file - entry : default@GenerateMetadata cost memory 0.0792236328125
[2026-03-03T22:06:09.052] [DEBUG] debug-file - runTaskFromQueue task cost before running: 158 ms 
[2026-03-03T22:06:09.052] [INFO] debug-file - Finished :entry:default@GenerateMetadata... after 1 ms 
[2026-03-03T22:06:09.052] [DEBUG] debug-file - Executing task :entry:default@ConfigureCmake
[2026-03-03T22:06:09.052] [DEBUG] debug-file - entry : default@ConfigureCmake cost memory 0.0145111083984375
[2026-03-03T22:06:09.052] [DEBUG] debug-file - runTaskFromQueue task cost before running: 159 ms 
[2026-03-03T22:06:09.052] [INFO] debug-file - Finished :entry:default@ConfigureCmake... after 1 ms 
[2026-03-03T22:06:09.052] [DEBUG] debug-file - Executing task :entry:default@MergeProfile
[2026-03-03T22:06:09.052] [DEBUG] debug-file - Task 'entry:default@MergeProfile' cost while wrapping incremental declarations: 1 ms 
[2026-03-03T22:06:09.053] [DEBUG] debug-file - Change app api release type with 'Release'
[2026-03-03T22:06:09.053] [DEBUG] debug-file - Change app compile API version with '6.0.2.130'
[2026-03-03T22:06:09.053] [DEBUG] debug-file - Change app target API version with '60001021'
[2026-03-03T22:06:09.053] [DEBUG] debug-file - Change app minimum API version with '60001021'
[2026-03-03T22:06:09.053] [DEBUG] debug-file - Use cli appEnvironment
[2026-03-03T22:06:09.053] [DEBUG] debug-file - entry : default@MergeProfile cost memory 0.2179412841796875
[2026-03-03T22:06:09.053] [DEBUG] debug-file - runTaskFromQueue task cost before running: 160 ms 
[2026-03-03T22:06:09.053] [INFO] debug-file - Finished :entry:default@MergeProfile... after 1 ms 
[2026-03-03T22:06:09.054] [DEBUG] debug-file - Executing task :entry:default@CreateBuildProfile
[2026-03-03T22:06:09.054] [DEBUG] debug-file - Task 'entry:default@CreateBuildProfile' cost while wrapping incremental declarations: 1 ms 
[2026-03-03T22:06:09.054] [DEBUG] debug-file - entry : default@CreateBuildProfile cost memory 0.06424713134765625
[2026-03-03T22:06:09.054] [DEBUG] debug-file - runTaskFromQueue task cost before running: 161 ms 
[2026-03-03T22:06:09.054] [INFO] debug-file - Finished :entry:default@CreateBuildProfile... after 1 ms 
[2026-03-03T22:06:09.054] [DEBUG] debug-file - Executing task :entry:default@PreCheckSyscap
[2026-03-03T22:06:09.054] [DEBUG] debug-file - entry : default@PreCheckSyscap cost memory 0.02120208740234375
[2026-03-03T22:06:09.054] [DEBUG] debug-file - runTaskFromQueue task cost before running: 161 ms 
[2026-03-03T22:06:09.054] [INFO] debug-file - Finished :entry:default@PreCheckSyscap... after 1 ms 
[2026-03-03T22:06:09.055] [DEBUG] debug-file - Executing task :entry:default@GeneratePkgContextInfo
[2026-03-03T22:06:09.056] [DEBUG] debug-file - Task 'entry:default@GeneratePkgContextInfo' cost while wrapping incremental declarations: 1 ms 
[2026-03-03T22:06:09.056] [DEBUG] debug-file - entry : default@GeneratePkgContextInfo cost memory 0.24346160888671875
[2026-03-03T22:06:09.056] [DEBUG] debug-file - runTaskFromQueue task cost before running: 163 ms 
[2026-03-03T22:06:09.056] [INFO] debug-file - Finished :entry:default@GeneratePkgContextInfo... after 2 ms 
[2026-03-03T22:06:09.057] [DEBUG] debug-file - Executing task :entry:default@ProcessIntegratedHsp
[2026-03-03T22:06:09.057] [DEBUG] debug-file - entry : default@ProcessIntegratedHsp cost memory 0.03307342529296875
[2026-03-03T22:06:09.057] [DEBUG] debug-file - runTaskFromQueue task cost before running: 164 ms 
[2026-03-03T22:06:09.057] [INFO] debug-file - Finished :entry:default@ProcessIntegratedHsp... after 1 ms 
[2026-03-03T22:06:09.057] [DEBUG] debug-file - Executing task :entry:default@BuildNativeWithCmake
[2026-03-03T22:06:09.057] [DEBUG] debug-file - entry : default@BuildNativeWithCmake cost memory 0.015045166015625
[2026-03-03T22:06:09.057] [DEBUG] debug-file - runTaskFromQueue task cost before running: 164 ms 
[2026-03-03T22:06:09.057] [INFO] debug-file - Finished :entry:default@BuildNativeWithCmake... after 1 ms 
[2026-03-03T22:06:09.058] [DEBUG] debug-file - Executing task :entry:default@MakePackInfo
[2026-03-03T22:06:09.058] [DEBUG] debug-file - Module Pack Info:  {
  summary: {
    app: { bundleName: 'c***a', bundleType: 'app', version: [Object] },
    modules: [ [Object] ]
  },
  packages: [
    {
      deviceType: [Array],
      moduleType: 'entry',
      deliveryWithInstall: true,
      name: 'entry-default'
    }
  ]
}
[2026-03-03T22:06:09.059] [DEBUG] debug-file - entry : default@MakePackInfo cost memory 0.1367340087890625
[2026-03-03T22:06:09.059] [DEBUG] debug-file - runTaskFromQueue task cost before running: 165 ms 
[2026-03-03T22:06:09.059] [INFO] debug-file - Finished :entry:default@MakePackInfo... after 1 ms 
[2026-03-03T22:06:09.059] [DEBUG] debug-file - Executing task :entry:default@SyscapTransform
[2026-03-03T22:06:09.059] [DEBUG] debug-file - File: '/Users/jinglun/repository/DevEcoStudioProjects/WorkflowCelia/entry/src/main/syscap.json' from 'sysCapJsonPath' is not exists, just ignore.
[2026-03-03T22:06:09.059] [DEBUG] debug-file - Task 'entry:default@SyscapTransform' cost while wrapping incremental declarations: 1 ms 
[2026-03-03T22:06:09.059] [DEBUG] debug-file - entry : default@SyscapTransform cost memory 0.075958251953125
[2026-03-03T22:06:09.059] [DEBUG] debug-file - runTaskFromQueue task cost before running: 166 ms 
[2026-03-03T22:06:09.059] [INFO] debug-file - Finished :entry:default@SyscapTransform... after 1 ms 
[2026-03-03T22:06:09.060] [DEBUG] debug-file - Executing task :entry:default@ProcessProfile
[2026-03-03T22:06:09.060] [DEBUG] debug-file - Task 'entry:default@ProcessProfile' cost while wrapping incremental declarations: 1 ms 
[2026-03-03T22:06:09.061] [DEBUG] debug-file - [
  '/Applications/DevEco-Studio.app/Contents/tools/node/bin/node',
  '/Applications/DevEco-Studio.app/Contents/sdk/default/openharmony/ets/build-tools/ets-loader/bin/ark/ts2abc.js',
  '--target-api-version',
  '21'
]
[2026-03-03T22:06:09.097] [DEBUG] debug-file - 13.0.1.0
[2026-03-03T22:06:09.097] [DEBUG] debug-file - No need to add fake ui ability because of not in preview process.
[2026-03-03T22:06:09.097] [DEBUG] debug-file - entry : default@ProcessProfile cost memory 0.3754425048828125
[2026-03-03T22:06:09.097] [DEBUG] debug-file - runTaskFromQueue task cost before running: 204 ms 
[2026-03-03T22:06:09.097] [INFO] debug-file - Finished :entry:default@ProcessProfile... after 38 ms 
[2026-03-03T22:06:09.098] [DEBUG] debug-file - Executing task :entry:default@ProcessRouterMap
[2026-03-03T22:06:09.098] [DEBUG] debug-file - entry : default@ProcessRouterMap cost memory 0.0941009521484375
[2026-03-03T22:06:09.098] [DEBUG] debug-file - runTaskFromQueue task cost before running: 205 ms 
[2026-03-03T22:06:09.098] [INFO] debug-file - Finished :entry:default@ProcessRouterMap... after 1 ms 
[2026-03-03T22:06:09.099] [DEBUG] debug-file - Executing task :entry:default@ProcessShareConfig
[2026-03-03T22:06:09.099] [DEBUG] debug-file - entry : default@ProcessShareConfig cost memory 0.07741546630859375
[2026-03-03T22:06:09.099] [DEBUG] debug-file - runTaskFromQueue task cost before running: 206 ms 
[2026-03-03T22:06:09.099] [INFO] debug-file - Finished :entry:default@ProcessShareConfig... after 1 ms 
[2026-03-03T22:06:09.099] [DEBUG] debug-file - Executing task :entry:default@ProcessStartupConfig
[2026-03-03T22:06:09.099] [DEBUG] debug-file - Task 'entry:default@ProcessStartupConfig' cost while wrapping incremental declarations: 1 ms 
[2026-03-03T22:06:09.100] [DEBUG] debug-file - entry : default@ProcessStartupConfig cost memory 0.09561920166015625
[2026-03-03T22:06:09.100] [DEBUG] debug-file - runTaskFromQueue task cost before running: 207 ms 
[2026-03-03T22:06:09.100] [INFO] debug-file - Finished :entry:default@ProcessStartupConfig... after 1 ms 
[2026-03-03T22:06:09.100] [DEBUG] debug-file - Executing task :entry:default@BuildNativeWithNinja
[2026-03-03T22:06:09.101] [DEBUG] debug-file - entry : default@BuildNativeWithNinja cost memory 0.02455902099609375
[2026-03-03T22:06:09.101] [DEBUG] debug-file - runTaskFromQueue task cost before running: 207 ms 
[2026-03-03T22:06:09.101] [INFO] debug-file - Finished :entry:default@BuildNativeWithNinja... after 1 ms 
[2026-03-03T22:06:09.101] [DEBUG] debug-file - restool module names: entry; moduleName=entry, taskName=default@ProcessResource
[2026-03-03T22:06:09.102] [DEBUG] debug-file - Executing task :entry:default@ProcessResource
[2026-03-03T22:06:09.102] [DEBUG] debug-file - Task 'entry:default@ProcessResource' cost while wrapping incremental declarations: 1 ms 
[2026-03-03T22:06:09.102] [DEBUG] debug-file - entry : default@ProcessResource cost memory 0.12676239013671875
[2026-03-03T22:06:09.102] [DEBUG] debug-file - runTaskFromQueue task cost before running: 209 ms 
[2026-03-03T22:06:09.102] [INFO] debug-file - Finished :entry:default@ProcessResource... after 1 ms 
[2026-03-03T22:06:09.103] [DEBUG] debug-file - Executing task :entry:default@GenerateLoaderJson
[2026-03-03T22:06:09.103] [DEBUG] debug-file - Task 'entry:default@GenerateLoaderJson' cost while wrapping incremental declarations: 1 ms 
[2026-03-03T22:06:09.105] [DEBUG] debug-file - entry : default@GenerateLoaderJson cost memory 0.5409927368164062
[2026-03-03T22:06:09.105] [DEBUG] debug-file - runTaskFromQueue task cost before running: 211 ms 
[2026-03-03T22:06:09.105] [INFO] debug-file - Finished :entry:default@GenerateLoaderJson... after 2 ms 
[2026-03-03T22:06:09.105] [DEBUG] debug-file - Executing task :entry:default@ProcessLibs
[2026-03-03T22:06:09.106] [DEBUG] debug-file - Worker dispatch failed, running processLibs on main thread.
[2026-03-03T22:06:09.107] [DEBUG] debug-file - entry : default@ProcessLibs cost memory 0.289031982421875
[2026-03-03T22:06:09.107] [DEBUG] debug-file - runTaskFromQueue task cost before running: 213 ms 
[2026-03-03T22:06:09.107] [INFO] debug-file - Finished :entry:default@ProcessLibs... after 2 ms 
[2026-03-03T22:06:09.107] [DEBUG] debug-file - restool module names: entry; moduleName=entry, taskName=default@CompileResource
[2026-03-03T22:06:09.107] [DEBUG] debug-file - Executing task :entry:default@CompileResource
[2026-03-03T22:06:09.117] [DEBUG] debug-file - Use tool [/Applications/DevEco-Studio.app/Contents/sdk/default/openharmony/toolchains/restool]
 [
  '/Applications/DevEco-Studio.app/Contents/sdk/default/openharmony/toolchains/restool',
  '-l',
  '/Users/jinglun/repository/DevEcoStudioProjects/WorkflowCelia/entry/build/default/intermediates/res/default/resConfig.json'
]
[2026-03-03T22:06:09.117] [DEBUG] debug-file - current process  memoryUsage: {
  rss: 279805952,
  heapTotal: 177307648,
  heapUsed: 138558624,
  external: 3509026,
  arrayBuffers: 1453518
} os memoryUsage :23.732284545898438
[2026-03-03T22:06:09.139] [DEBUG] debug-file - Info: Pack: normal pack mode

[2026-03-03T22:06:09.251] [DEBUG] debug-file - Info: hardware concurrency count is : 10
Info: thread count is : 10

[2026-03-03T22:06:09.251] [DEBUG] debug-file - Info: thread pool is started

[2026-03-03T22:06:09.252] [DEBUG] debug-file - Info: GenericCompiler::CompileFiles

[2026-03-03T22:06:09.253] [DEBUG] debug-file - Info: GenericCompiler::CompileFiles

[2026-03-03T22:06:09.253] [DEBUG] debug-file - Warning: '/Users/jinglun/repository/DevEcoStudioProjects/WorkflowCelia/entry/src/main/resources/base/media/background.png' is defined repeatedly.
Warning: '/Users/jinglun/repository/DevEcoStudioProjects/WorkflowCelia/entry/src/main/resources/base/media/foreground.png' is defined repeatedly.
Warning: '/Users/jinglun/repository/DevEcoStudioProjects/WorkflowCelia/entry/src/main/resources/base/media/layered_image.json' is defined repeatedly.

[2026-03-03T22:06:09.254] [DEBUG] debug-file - Info: GenericCompiler::CompileFiles

[2026-03-03T22:06:09.255] [DEBUG] debug-file - 03-03 22:06:09.254 61855 4539893 E C01400/ImageTranscoderUtils: DecodeToRGBA IN
03-03 22:06:09.255 61855 4539893 E C01400/ImageTranscoderUtils: ImageFilter IN /Users/jinglun/repository/DevEcoStudioProjects/WorkflowCelia/AppScope/resources/base/media/background.png

[2026-03-03T22:06:09.276] [DEBUG] debug-file - 03-03 22:06:09.276 61855 4539893 E C01400/ImageTranscoderUtils: DecodeToRGBA IN
03-03 22:06:09.276 61855 4539893 E C01400/ImageTranscoderUtils: ImageFilter IN /Users/jinglun/repository/DevEcoStudioProjects/WorkflowCelia/AppScope/resources/base/media/foreground.png

[2026-03-03T22:06:09.289] [DEBUG] debug-file - Info: can't scale media json file.

[2026-03-03T22:06:09.289] [DEBUG] debug-file - Warning: The width or height of the png file referenced by the icon exceeds the limit (41 pixels)
at /Users/jinglun/repository/DevEcoStudioProjects/WorkflowCelia/AppScope/resources/base/media/background.png
Warning: The width or height of the png file referenced by the icon exceeds the limit (41 pixels)
at /Users/jinglun/repository/DevEcoStudioProjects/WorkflowCelia/AppScope/resources/base/media/foreground.png
Warning: /Users/jinglun/repository/DevEcoStudioProjects/WorkflowCelia/AppScope/resources/base/media/layered_image.json is not png format

[2026-03-03T22:06:09.289] [DEBUG] debug-file - Info: restool resources compile success.

[2026-03-03T22:06:09.289] [DEBUG] debug-file - Info: thread pool is stopped

[2026-03-03T22:06:09.291] [DEBUG] debug-file - entry : default@CompileResource cost memory -4.1520233154296875
[2026-03-03T22:06:09.291] [DEBUG] debug-file - runTaskFromQueue task cost before running: 398 ms 
[2026-03-03T22:06:09.292] [INFO] debug-file - Finished :entry:default@CompileResource... after 185 ms 
[2026-03-03T22:06:09.292] [DEBUG] debug-file - Executing task :entry:default@DoNativeStrip
[2026-03-03T22:06:09.292] [DEBUG] debug-file - Task 'entry:default@DoNativeStrip' cost while wrapping incremental declarations: 1 ms 
[2026-03-03T22:06:09.293] [DEBUG] debug-file - entry : default@DoNativeStrip cost memory 0.0634918212890625
[2026-03-03T22:06:09.293] [DEBUG] debug-file - runTaskFromQueue task cost before running: 399 ms 
[2026-03-03T22:06:09.293] [INFO] debug-file - Finished :entry:default@DoNativeStrip... after 1 ms 
[2026-03-03T22:06:09.293] [DEBUG] debug-file - Executing task :entry:default@CompileArkTS
[2026-03-03T22:06:09.293] [DEBUG] debug-file - obfuscationOptions: undefined
[2026-03-03T22:06:09.294] [DEBUG] debug-file - Task 'entry:default@CompileArkTS' cost while wrapping incremental declarations: 1 ms 
[2026-03-03T22:06:09.297] [ERROR] debug-file - Failed :entry:default@CompileArkTS... 
[2026-03-03T22:06:09.297] [DEBUG] debug-file - hvigor build process will be closed with an error.
[2026-03-03T22:06:09.297] [ERROR] debug-file - [31m00304012 Not Found
Error Message: Module-srcEntry ./ets/entrybackupability/EntryBackupAbility.ets not found. At file: /Users/jinglun/repository/DevEcoStudioProjects/WorkflowCelia/entry/src/main/module.json5

* Try the following:
  > Make sure Module-srcEntry exists.
[39m

[31m* Try:
> Run with --stacktrace option to get the stack trace.
> Run with --debug option to get more log output.

[2026-03-03T22:06:09.297] [DEBUG] debug-file - ERROR: stacktrace = AdaptorError: [31m00304012 Not Found
Error Message: Module-srcEntry ./ets/entrybackupability/EntryBackupAbility.ets not found. At file: /Users/jinglun/repository/DevEcoStudioProjects/WorkflowCelia/entry/src/main/module.json5

* Try the following:
  > Make sure Module-srcEntry exists.
[39m
    at OhosLogger.printErrorExit (/Applications/DevEco-Studio.app/Contents/tools/hvigor/hvigor/src/base/log/hvigor-log.js:1:5087)
    at ArkCompile.validateSrcEntry (/Applications/DevEco-Studio.app/Contents/tools/hvigor/hvigor-ohos-plugin/src/tasks/abstract/abstract-compile-node.js:1:28740)
    at ArkCompile.validateAbilitiesAndExtensionAbilitiesSrcEntry (/Applications/DevEco-Studio.app/Contents/tools/hvigor/hvigor-ohos-plugin/src/tasks/abstract/abstract-compile-node.js:1:28177)
    at ArkCompile.validateModuleJson (/Applications/DevEco-Studio.app/Contents/tools/hvigor/hvigor-ohos-plugin/src/tasks/abstract/abstract-compile-node.js:1:16580)
    at ArkCompile.doTaskAction (/Applications/DevEco-Studio.app/Contents/tools/hvigor/hvigor-ohos-plugin/src/tasks/ark-compile.js:1:14005)
    at ArkCompile.<anonymous> (/Applications/DevEco-Studio.app/Contents/tools/hvigor/hvigor-ohos-plugin/src/tasks/task/ohos-module-task.js:1:2074)
    at async ArkCompile.execute (/Applications/DevEco-Studio.app/Contents/tools/hvigor/hvigor/src/base/external/task/core-task-impl.js:1:2191)
    at async TaskProxy.execute (/Applications/DevEco-Studio.app/Contents/tools/hvigor/hvigor/src/base/internal/task/proxy/task-proxy.js:1:6139)
    at async doIncrementalTask (/Applications/DevEco-Studio.app/Contents/tools/hvigor/hvigor/src/base/internal/core/incremental-task-executor.js:1:941)
    at async executeOneTask (/Applications/DevEco-Studio.app/Contents/tools/hvigor/hvigor/src/base/internal/task/core/task-runner.js:1:4330)
[2026-03-03T22:06:09.297] [ERROR] debug-file - AdaptorError: [31m00304012 Not Found
Error Message: Module-srcEntry ./ets/entrybackupability/EntryBackupAbility.ets not found. At file: /Users/jinglun/repository/DevEcoStudioProjects/WorkflowCelia/entry/src/main/module.json5

* Try the following:
  > Make sure Module-srcEntry exists.
[39m
    at OhosLogger.printErrorExit (/Applications/DevEco-Studio.app/Contents/tools/hvigor/hvigor/src/base/log/hvigor-log.js:1:5087)
    at ArkCompile.validateSrcEntry (/Applications/DevEco-Studio.app/Contents/tools/hvigor/hvigor-ohos-plugin/src/tasks/abstract/abstract-compile-node.js:1:28740)
    at ArkCompile.validateAbilitiesAndExtensionAbilitiesSrcEntry (/Applications/DevEco-Studio.app/Contents/tools/hvigor/hvigor-ohos-plugin/src/tasks/abstract/abstract-compile-node.js:1:28177)
    at ArkCompile.validateModuleJson (/Applications/DevEco-Studio.app/Contents/tools/hvigor/hvigor-ohos-plugin/src/tasks/abstract/abstract-compile-node.js:1:16580)
    at ArkCompile.doTaskAction (/Applications/DevEco-Studio.app/Contents/tools/hvigor/hvigor-ohos-plugin/src/tasks/ark-compile.js:1:14005)
    at ArkCompile.<anonymous> (/Applications/DevEco-Studio.app/Contents/tools/hvigor/hvigor-ohos-plugin/src/tasks/task/ohos-module-task.js:1:2074)
    at async ArkCompile.execute (/Applications/DevEco-Studio.app/Contents/tools/hvigor/hvigor/src/base/external/task/core-task-impl.js:1:2191)
    at async TaskProxy.execute (/Applications/DevEco-Studio.app/Contents/tools/hvigor/hvigor/src/base/internal/task/proxy/task-proxy.js:1:6139)
    at async doIncrementalTask (/Applications/DevEco-Studio.app/Contents/tools/hvigor/hvigor/src/base/internal/core/incremental-task-executor.js:1:941)
    at async executeOneTask (/Applications/DevEco-Studio.app/Contents/tools/hvigor/hvigor/src/base/internal/task/core/task-runner.js:1:4330)
[2026-03-03T22:06:09.297] [ERROR] debug-file - BUILD FAILED in 404 ms 
[2026-03-03T22:06:09.298] [DEBUG] debug-file - Update task entry:default@PreBuild input file:/Users/jinglun/repository/DevEcoStudioProjects/WorkflowCelia/AppScope/app.json5 cache by regenerate.
[2026-03-03T22:06:09.298] [DEBUG] debug-file - Update task entry:default@PreBuild input file:/Users/jinglun/repository/DevEcoStudioProjects/WorkflowCelia/entry/src/main/module.json5 cache by regenerate.
[2026-03-03T22:06:09.298] [DEBUG] debug-file - Update task entry:default@PreBuild input file:/Users/jinglun/repository/DevEcoStudioProjects/WorkflowCelia/build-profile.json5 cache by regenerate.
[2026-03-03T22:06:09.298] [DEBUG] debug-file - Update task entry:default@PreBuild input file:/Users/jinglun/repository/DevEcoStudioProjects/WorkflowCelia/entry/build-profile.json5 cache by regenerate.
[2026-03-03T22:06:09.298] [DEBUG] debug-file - Update task entry:default@PreBuild input file:/Users/jinglun/repository/DevEcoStudioProjects/WorkflowCelia/entry/src/main/resources/base/profile/main_pages.json cache by regenerate.
[2026-03-03T22:06:09.298] [DEBUG] debug-file - Update task entry:default@PreBuild input file:/Users/jinglun/repository/DevEcoStudioProjects/WorkflowCelia/hvigor/hvigor-config.json5 cache by regenerate.
[2026-03-03T22:06:09.298] [DEBUG] debug-file - Update task entry:default@PreBuild input file:/Users/jinglun/repository/DevEcoStudioProjects/WorkflowCelia/entry/src/mock/mock-config.json5 cache by regenerate.
[2026-03-03T22:06:09.298] [DEBUG] debug-file - Update task entry:default@PreBuild input file:/Users/jinglun/repository/DevEcoStudioProjects/WorkflowCelia/entry/oh-package.json5 cache by regenerate.
[2026-03-03T22:06:09.298] [DEBUG] debug-file - Update task entry:default@PreBuild input file:/Users/jinglun/repository/DevEcoStudioProjects/WorkflowCelia/oh-package.json5 cache by regenerate.
[2026-03-03T22:06:09.298] [DEBUG] debug-file - Incremental task entry:default@PreBuild post-execution cost:1 ms .
[2026-03-03T22:06:09.298] [DEBUG] debug-file - Update task entry:default@CreateModuleInfo output file:/Users/jinglun/repository/DevEcoStudioProjects/WorkflowCelia/entry/build/default/generated/profile/default/ModuleInfo.ts cache.
[2026-03-03T22:06:09.298] [DEBUG] debug-file - Incremental task entry:default@CreateModuleInfo post-execution cost:1 ms .
[2026-03-03T22:06:09.298] [DEBUG] debug-file - Update task entry:default@GenerateMetadata input file:/Users/jinglun/repository/DevEcoStudioProjects/WorkflowCelia/entry/src/main/module.json5 cache by regenerate.
[2026-03-03T22:06:09.298] [DEBUG] debug-file - Update task entry:default@GenerateMetadata output file:/Users/jinglun/repository/DevEcoStudioProjects/WorkflowCelia/entry/build/default/intermediates/hap_metadata/default/output_metadata.json cache.
[2026-03-03T22:06:09.298] [DEBUG] debug-file - Incremental task entry:default@GenerateMetadata post-execution cost:1 ms .
[2026-03-03T22:06:09.298] [DEBUG] debug-file - Update task entry:default@MergeProfile input file:/Users/jinglun/repository/DevEcoStudioProjects/WorkflowCelia/AppScope/app.json5 cache by regenerate.
[2026-03-03T22:06:09.298] [DEBUG] debug-file - Update task entry:default@MergeProfile input file:/Users/jinglun/repository/DevEcoStudioProjects/WorkflowCelia/build-profile.json5 cache by regenerate.
[2026-03-03T22:06:09.298] [DEBUG] debug-file - Update task entry:default@MergeProfile input file:/Users/jinglun/repository/DevEcoStudioProjects/WorkflowCelia/entry/src/main/module.json5 cache by regenerate.
[2026-03-03T22:06:09.298] [DEBUG] debug-file - Update task entry:default@MergeProfile output file:/Users/jinglun/repository/DevEcoStudioProjects/WorkflowCelia/entry/build/default/intermediates/merge_profile/default/module.json cache.
[2026-03-03T22:06:09.298] [DEBUG] debug-file - Incremental task entry:default@MergeProfile post-execution cost:1 ms .
[2026-03-03T22:06:09.298] [DEBUG] debug-file - Update task entry:default@CreateBuildProfile input file:/Users/jinglun/repository/DevEcoStudioProjects/WorkflowCelia/AppScope/app.json5 cache by regenerate.
[2026-03-03T22:06:09.298] [DEBUG] debug-file - Update task entry:default@CreateBuildProfile input file:/Users/jinglun/repository/DevEcoStudioProjects/WorkflowCelia/build-profile.json5 cache by regenerate.
[2026-03-03T22:06:09.299] [DEBUG] debug-file - Update task entry:default@CreateBuildProfile output file:/Users/jinglun/repository/DevEcoStudioProjects/WorkflowCelia/entry/build/default/generated/profile/default/BuildProfile.ets cache.
[2026-03-03T22:06:09.299] [DEBUG] debug-file - Incremental task entry:default@CreateBuildProfile post-execution cost:1 ms .
[2026-03-03T22:06:09.299] [DEBUG] debug-file - Update task entry:default@GeneratePkgContextInfo output file:/Users/jinglun/repository/DevEcoStudioProjects/WorkflowCelia/entry/build/default/intermediates/loader/default/pkgContextInfo.json cache.
[2026-03-03T22:06:09.299] [DEBUG] debug-file - Incremental task entry:default@GeneratePkgContextInfo post-execution cost:1 ms .
[2026-03-03T22:06:09.299] [DEBUG] debug-file - Update task entry:default@ProcessIntegratedHsp output file:/Users/jinglun/repository/DevEcoStudioProjects/WorkflowCelia/build/cache/default/integrated_hsp/integratedHspCache.json cache.
[2026-03-03T22:06:09.299] [DEBUG] debug-file - Incremental task entry:default@ProcessIntegratedHsp post-execution cost:1 ms .
[2026-03-03T22:06:09.299] [DEBUG] debug-file - Update task entry:default@MakePackInfo input file:/Users/jinglun/repository/DevEcoStudioProjects/WorkflowCelia/AppScope/app.json5 cache by regenerate.
[2026-03-03T22:06:09.299] [DEBUG] debug-file - Update task entry:default@MakePackInfo input file:/Users/jinglun/repository/DevEcoStudioProjects/WorkflowCelia/entry/src/main/module.json5 cache by regenerate.
[2026-03-03T22:06:09.299] [DEBUG] debug-file - Update task entry:default@MakePackInfo input file:/Users/jinglun/repository/DevEcoStudioProjects/WorkflowCelia/build-profile.json5 cache by regenerate.
[2026-03-03T22:06:09.299] [DEBUG] debug-file - Update task entry:default@MakePackInfo output file:/Users/jinglun/repository/DevEcoStudioProjects/WorkflowCelia/entry/build/default/outputs/default/pack.info cache.
[2026-03-03T22:06:09.299] [DEBUG] debug-file - Incremental task entry:default@MakePackInfo post-execution cost:1 ms .
[2026-03-03T22:06:09.299] [DEBUG] debug-file - Update task entry:default@SyscapTransform input file:/Applications/DevEco-Studio.app/Contents/sdk/default/openharmony/toolchains/syscap_tool cache by regenerate.
[2026-03-03T22:06:09.299] [DEBUG] debug-file - Update task entry:default@SyscapTransform input file:/Applications/DevEco-Studio.app/Contents/sdk/default/openharmony/ets/api/device-define cache by regenerate.
[2026-03-03T22:06:09.304] [DEBUG] debug-file - Update task entry:default@SyscapTransform output file:/Users/jinglun/repository/DevEcoStudioProjects/WorkflowCelia/entry/build/default/intermediates/syscap/default/rpcid.sc cache.
[2026-03-03T22:06:09.304] [DEBUG] debug-file - Incremental task entry:default@SyscapTransform post-execution cost:5 ms .
[2026-03-03T22:06:09.304] [DEBUG] debug-file - Update task entry:default@ProcessProfile input file:/Users/jinglun/repository/DevEcoStudioProjects/WorkflowCelia/entry/build/default/intermediates/merge_profile/default/module.json cache by regenerate.
[2026-03-03T22:06:09.304] [DEBUG] debug-file - Update task entry:default@ProcessProfile output file:/Users/jinglun/repository/DevEcoStudioProjects/WorkflowCelia/entry/build/default/intermediates/process_profile/default/module.json cache.
[2026-03-03T22:06:09.304] [DEBUG] debug-file - Incremental task entry:default@ProcessProfile post-execution cost:1 ms .
[2026-03-03T22:06:09.304] [DEBUG] debug-file - Update task entry:default@ProcessRouterMap input file:/Users/jinglun/repository/DevEcoStudioProjects/WorkflowCelia/entry/oh-package.json5 cache by regenerate.
[2026-03-03T22:06:09.304] [DEBUG] debug-file - Update task entry:default@ProcessRouterMap input file:/Users/jinglun/repository/DevEcoStudioProjects/WorkflowCelia/oh-package.json5 cache by regenerate.
[2026-03-03T22:06:09.304] [DEBUG] debug-file - Update task entry:default@ProcessRouterMap input file:/Users/jinglun/repository/DevEcoStudioProjects/WorkflowCelia/entry/src/main/module.json5 cache by regenerate.
[2026-03-03T22:06:09.304] [DEBUG] debug-file - Update task entry:default@ProcessRouterMap input file:/Users/jinglun/repository/DevEcoStudioProjects/WorkflowCelia/entry/build/default/intermediates/loader/default/pkgContextInfo.json cache by regenerate.
[2026-03-03T22:06:09.304] [DEBUG] debug-file - Update task entry:default@ProcessRouterMap output file:/Users/jinglun/repository/DevEcoStudioProjects/WorkflowCelia/entry/build/default/intermediates/router_map/default/temp-router-map.json cache.
[2026-03-03T22:06:09.304] [DEBUG] debug-file - Update task entry:default@ProcessRouterMap output file:/Users/jinglun/repository/DevEcoStudioProjects/WorkflowCelia/entry/build/default/intermediates/router_map/default/loader-router-map.json cache.
[2026-03-03T22:06:09.304] [DEBUG] debug-file - Incremental task entry:default@ProcessRouterMap post-execution cost:1 ms .
[2026-03-03T22:06:09.304] [DEBUG] debug-file - Update task entry:default@ProcessShareConfig input file:/Users/jinglun/repository/DevEcoStudioProjects/WorkflowCelia/entry/oh-package.json5 cache by regenerate.
[2026-03-03T22:06:09.304] [DEBUG] debug-file - Update task entry:default@ProcessShareConfig input file:/Users/jinglun/repository/DevEcoStudioProjects/WorkflowCelia/oh-package.json5 cache by regenerate.
[2026-03-03T22:06:09.304] [DEBUG] debug-file - Update task entry:default@ProcessShareConfig input file:/Users/jinglun/repository/DevEcoStudioProjects/WorkflowCelia/entry/src/main/module.json5 cache by regenerate.
[2026-03-03T22:06:09.304] [DEBUG] debug-file - Update task entry:default@ProcessShareConfig input file:/Users/jinglun/repository/DevEcoStudioProjects/WorkflowCelia/entry/build/default/intermediates/loader/default/pkgContextInfo.json cache by regenerate.
[2026-03-03T22:06:09.304] [DEBUG] debug-file - Update task entry:default@ProcessShareConfig output file:/Users/jinglun/repository/DevEcoStudioProjects/WorkflowCelia/entry/build/default/intermediates/share_config/default/temp-share-config.json cache.
[2026-03-03T22:06:09.304] [DEBUG] debug-file - Incremental task entry:default@ProcessShareConfig post-execution cost:1 ms .
[2026-03-03T22:06:09.304] [DEBUG] debug-file - Update task entry:default@ProcessStartupConfig input file:/Users/jinglun/repository/DevEcoStudioProjects/WorkflowCelia/entry/build/default/intermediates/loader/default/pkgContextInfo.json cache by regenerate.
[2026-03-03T22:06:09.304] [DEBUG] debug-file - Update task entry:default@ProcessStartupConfig output file:/Users/jinglun/repository/DevEcoStudioProjects/WorkflowCelia/entry/build/default/intermediates/startup/default/startup_config.json cache.
[2026-03-03T22:06:09.304] [DEBUG] debug-file - Incremental task entry:default@ProcessStartupConfig post-execution cost:1 ms .
[2026-03-03T22:06:09.304] [DEBUG] debug-file - Update task entry:default@ProcessResource output file:/Users/jinglun/repository/DevEcoStudioProjects/WorkflowCelia/entry/build/default/intermediates/res/default/resConfig.json cache.
[2026-03-03T22:06:09.304] [DEBUG] debug-file - Update task entry:default@ProcessResource output file:/Users/jinglun/repository/DevEcoStudioProjects/WorkflowCelia/entry/build/default/intermediates/res/default/opt-compression.json cache.
[2026-03-03T22:06:09.304] [DEBUG] debug-file - Incremental task entry:default@ProcessResource post-execution cost:1 ms .
[2026-03-03T22:06:09.305] [DEBUG] debug-file - Update task entry:default@GenerateLoaderJson input file:/Users/jinglun/repository/DevEcoStudioProjects/WorkflowCelia/entry/src/mock/mock-config.json5 cache by regenerate.
[2026-03-03T22:06:09.305] [DEBUG] debug-file - Update task entry:default@GenerateLoaderJson input file:/Users/jinglun/repository/DevEcoStudioProjects/WorkflowCelia/entry/build/default/intermediates/loader/default/pkgContextInfo.json cache by regenerate.
[2026-03-03T22:06:09.305] [DEBUG] debug-file - Update task entry:default@GenerateLoaderJson input file:/Users/jinglun/repository/DevEcoStudioProjects/WorkflowCelia/entry/build/default/intermediates/router_map/default/temp-router-map.json cache by regenerate.
[2026-03-03T22:06:09.305] [DEBUG] debug-file - Update task entry:default@GenerateLoaderJson output file:/Users/jinglun/repository/DevEcoStudioProjects/WorkflowCelia/entry/build/default/intermediates/loader/default/loader.json cache.
[2026-03-03T22:06:09.305] [DEBUG] debug-file - Incremental task entry:default@GenerateLoaderJson post-execution cost:1 ms .
[2026-03-03T22:06:09.305] [DEBUG] debug-file - Update task entry:default@ProcessLibs input file:/Users/jinglun/repository/DevEcoStudioProjects/WorkflowCelia/build-profile.json5 cache by regenerate.
[2026-03-03T22:06:09.305] [DEBUG] debug-file - Update task entry:default@ProcessLibs input file:/Users/jinglun/repository/DevEcoStudioProjects/WorkflowCelia/entry/build-profile.json5 cache by regenerate.
[2026-03-03T22:06:09.305] [DEBUG] debug-file - Update task entry:default@ProcessLibs output file:/Users/jinglun/repository/DevEcoStudioProjects/WorkflowCelia/entry/build/default/intermediates/libs/default cache.
[2026-03-03T22:06:09.305] [DEBUG] debug-file - Incremental task entry:default@ProcessLibs post-execution cost:1 ms .
[2026-03-03T22:06:09.305] [DEBUG] debug-file - Update task entry:default@CompileResource input file:/Users/jinglun/repository/DevEcoStudioProjects/WorkflowCelia/entry/src/main/resources cache by regenerate.
[2026-03-03T22:06:09.305] [DEBUG] debug-file - Update task entry:default@CompileResource input file:/Users/jinglun/repository/DevEcoStudioProjects/WorkflowCelia/AppScope/resources cache by regenerate.
[2026-03-03T22:06:09.305] [DEBUG] debug-file - Update task entry:default@CompileResource input file:/Users/jinglun/repository/DevEcoStudioProjects/WorkflowCelia/entry/build/default/intermediates/process_profile/default/module.json cache by regenerate.
[2026-03-03T22:06:09.305] [DEBUG] debug-file - Update task entry:default@CompileResource input file:/Users/jinglun/repository/DevEcoStudioProjects/WorkflowCelia/entry/build/default/intermediates/res/default/resConfig.json cache by regenerate.
[2026-03-03T22:06:09.305] [DEBUG] debug-file - Update task entry:default@CompileResource output file:/Users/jinglun/repository/DevEcoStudioProjects/WorkflowCelia/entry/build/default/intermediates/res/default cache.
[2026-03-03T22:06:09.306] [DEBUG] debug-file - Update task entry:default@CompileResource output file:/Users/jinglun/repository/DevEcoStudioProjects/WorkflowCelia/entry/build/default/generated/r/default/ResourceTable.h cache.
[2026-03-03T22:06:09.306] [DEBUG] debug-file - Update task entry:default@CompileResource output file:/Users/jinglun/repository/DevEcoStudioProjects/WorkflowCelia/entry/build/default/generated/r/default cache.
[2026-03-03T22:06:09.306] [DEBUG] debug-file - Incremental task entry:default@CompileResource post-execution cost:2 ms .
[2026-03-03T22:06:09.306] [DEBUG] debug-file - Update task entry:default@DoNativeStrip input file:/Users/jinglun/repository/DevEcoStudioProjects/WorkflowCelia/entry/build/default/intermediates/libs/default cache by regenerate.
[2026-03-03T22:06:09.306] [DEBUG] debug-file - Update task entry:default@DoNativeStrip output file:/Users/jinglun/repository/DevEcoStudioProjects/WorkflowCelia/entry/build/default/intermediates/stripped_native_libs/default cache.
[2026-03-03T22:06:09.306] [DEBUG] debug-file - Incremental task entry:default@DoNativeStrip post-execution cost:1 ms .
[2026-03-03T22:06:09.306] [DEBUG] debug-file - Update task entry:default@CompileArkTS input file:/Users/jinglun/repository/DevEcoStudioProjects/WorkflowCelia/entry/build/default/intermediates/loader/default cache by regenerate.
[2026-03-03T22:06:09.306] [DEBUG] debug-file - Update task entry:default@CompileArkTS input file:/Users/jinglun/repository/DevEcoStudioProjects/WorkflowCelia/entry/build/default/intermediates/res/default/ResourceTable.txt cache by regenerate.
[2026-03-03T22:06:09.306] [DEBUG] debug-file - Update task entry:default@CompileArkTS input file:/Users/jinglun/repository/DevEcoStudioProjects/WorkflowCelia/entry/build/default/intermediates/res/default/ark_module.json cache by regenerate.
[2026-03-03T22:06:09.306] [DEBUG] debug-file - Update task entry:default@CompileArkTS input file:/Users/jinglun/repository/DevEcoStudioProjects/WorkflowCelia/entry/build/default/intermediates/res/default/resources/base/profile cache by regenerate.
[2026-03-03T22:06:09.306] [DEBUG] debug-file - Update task entry:default@CompileArkTS input file:/Users/jinglun/repository/DevEcoStudioProjects/WorkflowCelia/entry/src/main/ets cache by regenerate.
[2026-03-03T22:06:09.307] [DEBUG] debug-file - Update task entry:default@CompileArkTS input file:/Users/jinglun/repository/DevEcoStudioProjects/WorkflowCelia/entry/build/default/intermediates/loader/default/pkgContextInfo.json cache by regenerate.
[2026-03-03T22:06:09.307] [DEBUG] debug-file - Update task entry:default@CompileArkTS input file:/Users/jinglun/repository/DevEcoStudioProjects/WorkflowCelia/entry/build/default/generated/profile/default/BuildProfile.ets cache by regenerate.
[2026-03-03T22:06:09.307] [DEBUG] debug-file - Update task entry:default@CompileArkTS input file:/Users/jinglun/repository/DevEcoStudioProjects/WorkflowCelia/entry/src/mock/mock-config.json5 cache by regenerate.
[2026-03-03T22:06:09.307] [DEBUG] debug-file - Update task entry:default@CompileArkTS output file:/Users/jinglun/repository/DevEcoStudioProjects/WorkflowCelia/entry/build/default/intermediates/loader_out/default/ets cache.
[2026-03-03T22:06:09.307] [DEBUG] debug-file - Incremental task entry:default@CompileArkTS post-execution cost:1 ms .
[2026-03-03T22:06:09.310] [DEBUG] debug-file - There's no busy workers and idle workers need cleanup.
[2026-03-03T22:06:09.311] [DEBUG] debug-file - hvigor build process will be closed.
[2026-03-03T22:06:09.312] [DEBUG] debug-file - session manager: send message to worker process.
[2026-03-03T22:06:09.313] [DEBUG] debug-file - session manager: send message to worker process.
[2026-03-03T22:06:09.313] [DEBUG] debug-file - watch worker: worker id should be larger than 0. Nothing will be sent to any worker thread.
[2026-03-03T22:06:09.313] [DEBUG] debug-file - watch worker: worker id should be larger than 0. Nothing will be sent to any worker thread.
[2026-03-03T22:06:35.589] [DEBUG] debug-file - session manager: set active socket. socketId=tR06C2EYEA_116IKAAAF
[2026-03-03T22:06:35.590] [DEBUG] debug-file - watch worker: worker id should be larger than 0. Nothing will be sent to any worker thread.
[2026-03-03T22:06:35.591] [DEBUG] debug-file - Workers' log level updated to INFO
[2026-03-03T22:06:35.593] [DEBUG] debug-file - Hvigor init with startParameters:{
  hvigorfileTypeCheck: false,
  parallelExecution: true,
  incrementalExecution: true,
  printStackTrace: false,
  daemon: true,
  analyze: 0,
  logLevel: Level { level: 20000, levelStr: 'INFO', colour: 'green' },
  optimizationStrategy: 'memory',
  hotCompile: undefined,
  hotReloadBuild: undefined,
  customizedParam: undefined
}
[2026-03-03T22:06:35.595] [DEBUG] debug-file - Cache service initialization finished in 3 ms 
[2026-03-03T22:06:35.596] [DEBUG] debug-file - hvigorfile, resolving /Users/jinglun/repository/DevEcoStudioProjects/WorkflowCelia/hvigorfile.ts
[2026-03-03T22:06:35.627] [DEBUG] debug-file - hvigorfile, require result:  { default: { plugins: [] } }
[2026-03-03T22:06:35.627] [DEBUG] debug-file - hvigorfile, binding system plugins null
[2026-03-03T22:06:35.628] [DEBUG] debug-file - Starting plugin build process
[2026-03-03T22:06:35.628] [DEBUG] debug-file - App plugin prepare start...
[2026-03-03T22:06:35.628] [DEBUG] debug-file - App plugin prepare end...
[2026-03-03T22:06:35.628] [DEBUG] debug-file - App plugin creating...
[2026-03-03T22:06:35.638] [DEBUG] debug-file - App plugin register hook start...
[2026-03-03T22:06:35.638] [DEBUG] debug-file - App plugin register hook end...
[2026-03-03T22:06:35.638] [DEBUG] debug-file - Plugin build process completed
[2026-03-03T22:06:35.638] [DEBUG] debug-file - Start initialize project's product build option map with build mode debug.
[2026-03-03T22:06:35.638] [DEBUG] debug-file - Picking option from product 'default' with build mode 'debug'.
[2026-03-03T22:06:35.638] [DEBUG] debug-file - Product 'default' build option initialized
[2026-03-03T22:06:35.638] [DEBUG] debug-file - End initialize project's product build option map with build mode 'debug'.
[2026-03-03T22:06:35.639] [DEBUG] debug-file - Obtain build option for product 'default'in this build.
[2026-03-03T22:06:35.641] [DEBUG] debug-file - /Users/jinglun/repository/DevEcoStudioProjects/WorkflowCelia/build/cache/default/remote_hsp/remoteHspCache.json not exists.
[2026-03-03T22:06:35.641] [DEBUG] debug-file - Start recording SDK configuration permission data.
[2026-03-03T22:06:35.654] [DEBUG] debug-file - Sdk init in 13 ms 
[2026-03-03T22:06:35.655] [DEBUG] debug-file - Project task initialization takes 2 ms 
[2026-03-03T22:06:35.655] [DEBUG] debug-file - hvigorfile, binding custom plugins []
[2026-03-03T22:06:35.655] [DEBUG] debug-file - hvigorfile, no custom plugins were found in /Users/jinglun/repository/DevEcoStudioProjects/WorkflowCelia/hvigorfile.ts
[2026-03-03T22:06:35.655] [DEBUG] debug-file - hvigorfile, resolve finished /Users/jinglun/repository/DevEcoStudioProjects/WorkflowCelia/hvigorfile.ts
[2026-03-03T22:06:35.656] [DEBUG] debug-file - hvigorfile, resolving /Users/jinglun/repository/DevEcoStudioProjects/WorkflowCelia/entry/hvigorfile.ts
[2026-03-03T22:06:35.658] [DEBUG] debug-file - hvigorfile, require result:  { default: { plugins: [] } }
[2026-03-03T22:06:35.658] [DEBUG] debug-file - hvigorfile, binding system plugins null
[2026-03-03T22:06:35.658] [DEBUG] debug-file - Starting plugin build process
[2026-03-03T22:06:35.658] [DEBUG] debug-file - Hap plugin creating...
[2026-03-03T22:06:35.658] [DEBUG] debug-file - failed to load cangjie to dynamically generate schemas: Error: Cannot find module '@ohos/cangjie-build-support/index'
Require stack:
- /Applications/DevEco-Studio.app/Contents/tools/hvigor/hvigor-ohos-plugin/src/plugin/hooks/cangjie-register.js
- /Applications/DevEco-Studio.app/Contents/tools/hvigor/hvigor-ohos-plugin/src/plugin/strategy/stage-init-strategy.js
- /Applications/DevEco-Studio.app/Contents/tools/hvigor/hvigor-ohos-plugin/src/plugin/builder/abstract-plugin-builder.js
- /Applications/DevEco-Studio.app/Contents/tools/hvigor/hvigor-ohos-plugin/src/plugin/builder/app-plugin-builder.js
- /Applications/DevEco-Studio.app/Contents/tools/hvigor/hvigor-ohos-plugin/src/plugin/factory/plugin-factory.js
- /Applications/DevEco-Studio.app/Contents/tools/hvigor/hvigor-ohos-plugin/index.js
- /Users/jinglun/repository/DevEcoStudioProjects/WorkflowCelia/hvigorfile.ts
- /Applications/DevEco-Studio.app/Contents/tools/hvigor/hvigor/src/base/internal/lifecycle/configuration.js
- /Applications/DevEco-Studio.app/Contents/tools/hvigor/hvigor/src/base/boot/index.js
- /Applications/DevEco-Studio.app/Contents/tools/hvigor/hvigor/src/base/daemon/cluster/worker-process-lifecycle.js
- /Applications/DevEco-Studio.app/Contents/tools/hvigor/hvigor/src/base/daemon/process/daemon-process-boot-script.js
[2026-03-03T22:06:35.662] [DEBUG] debug-file - Start initialize module-target build option map, moduleName=entry, buildMode=debug
[2026-03-03T22:06:35.662] [DEBUG] debug-file - Target 'default' config initialized
[2026-03-03T22:06:35.662] [DEBUG] debug-file - Target 'ohosTest' config initialized
[2026-03-03T22:06:35.662] [DEBUG] debug-file - Module 'entry' target 'default' build option initialized
[2026-03-03T22:06:35.662] [DEBUG] debug-file - Module 'entry' target 'ohosTest' build option initialized
[2026-03-03T22:06:35.662] [DEBUG] debug-file - End initialize module-target build option map, moduleName=entry
[2026-03-03T22:06:35.662] [DEBUG] debug-file - Start initialize module-target build option map, moduleName=entry, buildMode=release
[2026-03-03T22:06:35.662] [DEBUG] debug-file - Target 'default' config initialized
[2026-03-03T22:06:35.662] [DEBUG] debug-file - Target 'ohosTest' config initialized
[2026-03-03T22:06:35.663] [DEBUG] debug-file - Module 'entry' target 'default' build option initialized
[2026-03-03T22:06:35.663] [DEBUG] debug-file - Module 'entry' target 'ohosTest' build option initialized
[2026-03-03T22:06:35.663] [DEBUG] debug-file - End initialize module-target build option map, moduleName=entry
[2026-03-03T22:06:35.663] [DEBUG] debug-file - Start initialize module-target build option map, moduleName=entry, buildMode=debug
[2026-03-03T22:06:35.663] [DEBUG] debug-file - Target 'default' config initialized
[2026-03-03T22:06:35.663] [DEBUG] debug-file - Target 'ohosTest' config initialized
[2026-03-03T22:06:35.663] [DEBUG] debug-file - Module 'entry' target 'default' build option initialized
[2026-03-03T22:06:35.663] [DEBUG] debug-file - Module 'entry' target 'ohosTest' build option initialized
[2026-03-03T22:06:35.663] [DEBUG] debug-file - End initialize module-target build option map, moduleName=entry
[2026-03-03T22:06:35.663] [DEBUG] debug-file - Obtain build option for module 'entry' target 'default'in this build.
[2026-03-03T22:06:35.664] [DEBUG] debug-file - Module entry task initialization takes 1 ms 
[2026-03-03T22:06:35.664] [DEBUG] debug-file - Hap plugin register hook start...
[2026-03-03T22:06:35.664] [DEBUG] debug-file - Hap plugin register hook end...
[2026-03-03T22:06:35.664] [DEBUG] debug-file - Plugin build process completed
[2026-03-03T22:06:35.664] [DEBUG] debug-file - hvigorfile, binding custom plugins []
[2026-03-03T22:06:35.664] [DEBUG] debug-file - hvigorfile, no custom plugins were found in /Users/jinglun/repository/DevEcoStudioProjects/WorkflowCelia/entry/hvigorfile.ts
[2026-03-03T22:06:35.664] [DEBUG] debug-file - hvigorfile, resolve finished /Users/jinglun/repository/DevEcoStudioProjects/WorkflowCelia/entry/hvigorfile.ts
[2026-03-03T22:06:35.695] [DEBUG] debug-file - hvigorfile, resolve hvigorfile dependencies in 31 ms 
[2026-03-03T22:06:35.695] [DEBUG] debug-file - project has submodules:entry
[2026-03-03T22:06:35.696] [DEBUG] debug-file - start to load updatedOhPackageInfo to the disk
[2026-03-03T22:06:35.697] [DEBUG] debug-file - load to the disk finished
[2026-03-03T22:06:35.697] [DEBUG] debug-file - Start to initialize dependency information.
[2026-03-03T22:06:35.698] [DEBUG] debug-file - Module WorkflowCelia Collected Dependency: 
[2026-03-03T22:06:35.698] [DEBUG] debug-file - Module WorkflowCelia's total dependency: 0
[2026-03-03T22:06:35.698] [DEBUG] debug-file - Start to initialize dependency information.
[2026-03-03T22:06:35.698] [DEBUG] debug-file - Module entry Collected Dependency: 
[2026-03-03T22:06:35.698] [DEBUG] debug-file - Module entry's total dependency: 0
[2026-03-03T22:06:35.699] [DEBUG] debug-file - Configuration phase cost:104 ms 
[2026-03-03T22:06:35.700] [DEBUG] debug-file - Configuration task cost before running: 109 ms 
[2026-03-03T22:06:35.701] [DEBUG] debug-file - Executing task :entry:default@PreBuild
[2026-03-03T22:06:35.701] [DEBUG] debug-file - Task 'entry:default@PreBuild' cost while wrapping incremental declarations: 1 ms 
[2026-03-03T22:06:35.702] [DEBUG] debug-file - entry:default@PreBuild is not up-to-date, since the input file '/Users/jinglun/repository/DevEcoStudioProjects/WorkflowCelia/entry/src/main/module.json5' has been changed.
[2026-03-03T22:06:35.702] [DEBUG] debug-file - Incremental task entry:default@PreBuild pre-execution cost: 1 ms .
[2026-03-03T22:06:35.703] [DEBUG] debug-file - current product is not Atomic service.
[2026-03-03T22:06:35.703] [DEBUG] debug-file - Use tool [darwin: JAVA_HOME, CLASSPATH]
 [
  {
    JAVA_HOME: '/Applications/DevEco-Studio.app/Contents/jbr/Contents/Home'
  },
  { CLASSPATH: undefined }
]
[2026-03-03T22:06:35.703] [DEBUG] debug-file - Use tool [darwin: NODE_HOME]
 [
  {
    NODE_HOME: '/Applications/DevEco-Studio.app/Contents/tools/node/bin'
  }
]
[2026-03-03T22:06:35.703] [DEBUG] debug-file - entry : default@PreBuild cost memory 0.5451507568359375
[2026-03-03T22:06:35.704] [DEBUG] debug-file - runTaskFromQueue task cost before running: 112 ms 
[2026-03-03T22:06:35.704] [INFO] debug-file - Finished :entry:default@PreBuild... after 3 ms 
[2026-03-03T22:06:35.704] [DEBUG] debug-file - Executing task :entry:default@CreateModuleInfo
[2026-03-03T22:06:35.704] [DEBUG] debug-file - Task 'entry:default@CreateModuleInfo' cost while wrapping incremental declarations: 1 ms 
[2026-03-03T22:06:35.704] [DEBUG] debug-file - entry : default@CreateModuleInfo cost memory 0.0405731201171875
[2026-03-03T22:06:35.704] [DEBUG] debug-file - runTaskFromQueue task cost before running: 113 ms 
[2026-03-03T22:06:35.704] [INFO] debug-file - Finished :entry:default@CreateModuleInfo... after 1 ms 
[2026-03-03T22:06:35.704] [DEBUG] debug-file - Executing task :entry:default@GenerateMetadata
[2026-03-03T22:06:35.704] [DEBUG] debug-file - Task 'entry:default@GenerateMetadata' cost while wrapping incremental declarations: 1 ms 
[2026-03-03T22:06:35.704] [DEBUG] debug-file - entry:default@GenerateMetadata is not up-to-date, since the input file '/Users/jinglun/repository/DevEcoStudioProjects/WorkflowCelia/entry/src/main/module.json5' has been changed.
[2026-03-03T22:06:35.704] [DEBUG] debug-file - Incremental task entry:default@GenerateMetadata pre-execution cost: 1 ms .
[2026-03-03T22:06:35.705] [DEBUG] debug-file - entry : default@GenerateMetadata cost memory 0.08432769775390625
[2026-03-03T22:06:35.705] [DEBUG] debug-file - runTaskFromQueue task cost before running: 114 ms 
[2026-03-03T22:06:35.705] [INFO] debug-file - Finished :entry:default@GenerateMetadata... after 1 ms 
[2026-03-03T22:06:35.705] [DEBUG] debug-file - Executing task :entry:default@ConfigureCmake
[2026-03-03T22:06:35.705] [DEBUG] debug-file - entry : default@ConfigureCmake cost memory 0.0146026611328125
[2026-03-03T22:06:35.705] [DEBUG] debug-file - runTaskFromQueue task cost before running: 114 ms 
[2026-03-03T22:06:35.705] [INFO] debug-file - Finished :entry:default@ConfigureCmake... after 1 ms 
[2026-03-03T22:06:35.705] [DEBUG] debug-file - Executing task :entry:default@MergeProfile
[2026-03-03T22:06:35.705] [DEBUG] debug-file - Task 'entry:default@MergeProfile' cost while wrapping incremental declarations: 1 ms 
[2026-03-03T22:06:35.705] [DEBUG] debug-file - entry:default@MergeProfile is not up-to-date, since the input file '/Users/jinglun/repository/DevEcoStudioProjects/WorkflowCelia/entry/src/main/module.json5' has been changed.
[2026-03-03T22:06:35.705] [DEBUG] debug-file - Incremental task entry:default@MergeProfile pre-execution cost: 1 ms .
[2026-03-03T22:06:35.705] [DEBUG] debug-file - Change app api release type with 'Release'
[2026-03-03T22:06:35.705] [DEBUG] debug-file - Change app compile API version with '6.0.2.130'
[2026-03-03T22:06:35.705] [DEBUG] debug-file - Change app target API version with '60001021'
[2026-03-03T22:06:35.705] [DEBUG] debug-file - Change app minimum API version with '60001021'
[2026-03-03T22:06:35.705] [DEBUG] debug-file - Use cli appEnvironment
[2026-03-03T22:06:35.706] [DEBUG] debug-file - entry : default@MergeProfile cost memory 0.244598388671875
[2026-03-03T22:06:35.706] [DEBUG] debug-file - runTaskFromQueue task cost before running: 115 ms 
[2026-03-03T22:06:35.706] [INFO] debug-file - Finished :entry:default@MergeProfile... after 1 ms 
[2026-03-03T22:06:35.706] [DEBUG] debug-file - Executing task :entry:default@CreateBuildProfile
[2026-03-03T22:06:35.706] [DEBUG] debug-file - Task 'entry:default@CreateBuildProfile' cost while wrapping incremental declarations: 1 ms 
[2026-03-03T22:06:35.706] [DEBUG] debug-file - Incremental task entry:default@CreateBuildProfile pre-execution cost: 1 ms .
[2026-03-03T22:06:35.706] [DEBUG] debug-file - entry : default@CreateBuildProfile cost memory 0.0787353515625
[2026-03-03T22:06:35.706] [INFO] debug-file - UP-TO-DATE :entry:default@CreateBuildProfile...  
[2026-03-03T22:06:35.706] [DEBUG] debug-file - Executing task :entry:default@PreCheckSyscap
[2026-03-03T22:06:35.707] [DEBUG] debug-file - entry : default@PreCheckSyscap cost memory 0.01483917236328125
[2026-03-03T22:06:35.707] [DEBUG] debug-file - runTaskFromQueue task cost before running: 115 ms 
[2026-03-03T22:06:35.707] [INFO] debug-file - Finished :entry:default@PreCheckSyscap... after 1 ms 
[2026-03-03T22:06:35.707] [DEBUG] debug-file - Executing task :entry:default@GeneratePkgContextInfo
[2026-03-03T22:06:35.707] [DEBUG] debug-file - Task 'entry:default@GeneratePkgContextInfo' cost while wrapping incremental declarations: 1 ms 
[2026-03-03T22:06:35.707] [DEBUG] debug-file - Incremental task entry:default@GeneratePkgContextInfo pre-execution cost: 1 ms .
[2026-03-03T22:06:35.707] [DEBUG] debug-file - entry : default@GeneratePkgContextInfo cost memory 0.2462921142578125
[2026-03-03T22:06:35.708] [INFO] debug-file - UP-TO-DATE :entry:default@GeneratePkgContextInfo...  
[2026-03-03T22:06:35.708] [DEBUG] debug-file - Executing task :entry:default@ProcessIntegratedHsp
[2026-03-03T22:06:35.708] [DEBUG] debug-file - entry:default@ProcessIntegratedHsp is not up-to-date, since the output file '/Users/jinglun/repository/DevEcoStudioProjects/WorkflowCelia/build/cache/default/integrated_hsp/integratedHspCache.json' does not exist.
[2026-03-03T22:06:35.708] [DEBUG] debug-file - Incremental task entry:default@ProcessIntegratedHsp pre-execution cost: 1 ms .
[2026-03-03T22:06:35.708] [DEBUG] debug-file - entry : default@ProcessIntegratedHsp cost memory 0.05738067626953125
[2026-03-03T22:06:35.708] [DEBUG] debug-file - runTaskFromQueue task cost before running: 117 ms 
[2026-03-03T22:06:35.708] [INFO] debug-file - Finished :entry:default@ProcessIntegratedHsp... after 1 ms 
[2026-03-03T22:06:35.708] [DEBUG] debug-file - Executing task :entry:default@BuildNativeWithCmake
[2026-03-03T22:06:35.709] [DEBUG] debug-file - entry : default@BuildNativeWithCmake cost memory -3.9091796875
[2026-03-03T22:06:35.709] [DEBUG] debug-file - runTaskFromQueue task cost before running: 118 ms 
[2026-03-03T22:06:35.709] [INFO] debug-file - Finished :entry:default@BuildNativeWithCmake... after 2 ms 
[2026-03-03T22:06:35.710] [DEBUG] debug-file - Executing task :entry:default@MakePackInfo
[2026-03-03T22:06:35.710] [DEBUG] debug-file - entry:default@MakePackInfo is not up-to-date, since the input file '/Users/jinglun/repository/DevEcoStudioProjects/WorkflowCelia/entry/src/main/module.json5' has been changed.
[2026-03-03T22:06:35.710] [DEBUG] debug-file - Incremental task entry:default@MakePackInfo pre-execution cost: 1 ms .
[2026-03-03T22:06:35.710] [DEBUG] debug-file - Module Pack Info:  {
  summary: {
    app: { bundleName: 'c***a', bundleType: 'app', version: [Object] },
    modules: [ [Object] ]
  },
  packages: [
    {
      deviceType: [Array],
      moduleType: 'entry',
      deliveryWithInstall: true,
      name: 'entry-default'
    }
  ]
}
[2026-03-03T22:06:35.710] [DEBUG] debug-file - entry : default@MakePackInfo cost memory 0.12497711181640625
[2026-03-03T22:06:35.710] [DEBUG] debug-file - runTaskFromQueue task cost before running: 119 ms 
[2026-03-03T22:06:35.710] [INFO] debug-file - Finished :entry:default@MakePackInfo... after 1 ms 
[2026-03-03T22:06:35.710] [DEBUG] debug-file - Executing task :entry:default@SyscapTransform
[2026-03-03T22:06:35.710] [DEBUG] debug-file - File: '/Users/jinglun/repository/DevEcoStudioProjects/WorkflowCelia/entry/src/main/syscap.json' from 'sysCapJsonPath' is not exists, just ignore.
[2026-03-03T22:06:35.710] [DEBUG] debug-file - Task 'entry:default@SyscapTransform' cost while wrapping incremental declarations: 1 ms 
[2026-03-03T22:06:35.710] [DEBUG] debug-file - entry:default@SyscapTransform is not up-to-date, since the output file '/Users/jinglun/repository/DevEcoStudioProjects/WorkflowCelia/entry/build/default/intermediates/syscap/default/rpcid.sc' does not exist.
[2026-03-03T22:06:35.710] [DEBUG] debug-file - Incremental task entry:default@SyscapTransform pre-execution cost: 1 ms .
[2026-03-03T22:06:35.710] [DEBUG] debug-file - entry : default@SyscapTransform cost memory 0.10645294189453125
[2026-03-03T22:06:35.710] [DEBUG] debug-file - runTaskFromQueue task cost before running: 119 ms 
[2026-03-03T22:06:35.711] [INFO] debug-file - Finished :entry:default@SyscapTransform... after 1 ms 
[2026-03-03T22:06:35.711] [DEBUG] debug-file - Executing task :entry:default@ProcessProfile
[2026-03-03T22:06:35.711] [DEBUG] debug-file - Task 'entry:default@ProcessProfile' cost while wrapping incremental declarations: 1 ms 
[2026-03-03T22:06:35.711] [DEBUG] debug-file - entry:default@ProcessProfile is not up-to-date, since the input file '/Users/jinglun/repository/DevEcoStudioProjects/WorkflowCelia/entry/build/default/intermediates/merge_profile/default/module.json' has been changed.
[2026-03-03T22:06:35.711] [DEBUG] debug-file - Incremental task entry:default@ProcessProfile pre-execution cost: 1 ms .
[2026-03-03T22:06:35.711] [DEBUG] debug-file - [
  '/Applications/DevEco-Studio.app/Contents/tools/node/bin/node',
  '/Applications/DevEco-Studio.app/Contents/sdk/default/openharmony/ets/build-tools/ets-loader/bin/ark/ts2abc.js',
  '--target-api-version',
  '21'
]
[2026-03-03T22:06:35.739] [DEBUG] debug-file - 13.0.1.0
[2026-03-03T22:06:35.739] [DEBUG] debug-file - No need to add fake ui ability because of not in preview process.
[2026-03-03T22:06:35.740] [DEBUG] debug-file - entry : default@ProcessProfile cost memory 0.31154632568359375
[2026-03-03T22:06:35.740] [DEBUG] debug-file - runTaskFromQueue task cost before running: 148 ms 
[2026-03-03T22:06:35.740] [INFO] debug-file - Finished :entry:default@ProcessProfile... after 29 ms 
[2026-03-03T22:06:35.740] [DEBUG] debug-file - Executing task :entry:default@ProcessRouterMap
[2026-03-03T22:06:35.740] [DEBUG] debug-file - entry:default@ProcessRouterMap is not up-to-date, since the input file '/Users/jinglun/repository/DevEcoStudioProjects/WorkflowCelia/entry/src/main/module.json5' has been changed.
[2026-03-03T22:06:35.740] [DEBUG] debug-file - Incremental task entry:default@ProcessRouterMap pre-execution cost: 1 ms .
[2026-03-03T22:06:35.741] [DEBUG] debug-file - entry : default@ProcessRouterMap cost memory 0.1149444580078125
[2026-03-03T22:06:35.741] [DEBUG] debug-file - runTaskFromQueue task cost before running: 149 ms 
[2026-03-03T22:06:35.741] [INFO] debug-file - Finished :entry:default@ProcessRouterMap... after 1 ms 
[2026-03-03T22:06:35.741] [DEBUG] debug-file - Executing task :entry:default@ProcessShareConfig
[2026-03-03T22:06:35.741] [DEBUG] debug-file - entry:default@ProcessShareConfig is not up-to-date, since the input file '/Users/jinglun/repository/DevEcoStudioProjects/WorkflowCelia/entry/src/main/module.json5' has been changed.
[2026-03-03T22:06:35.741] [DEBUG] debug-file - Incremental task entry:default@ProcessShareConfig pre-execution cost: 1 ms .
[2026-03-03T22:06:35.741] [DEBUG] debug-file - entry : default@ProcessShareConfig cost memory 0.10797119140625
[2026-03-03T22:06:35.741] [DEBUG] debug-file - runTaskFromQueue task cost before running: 150 ms 
[2026-03-03T22:06:35.741] [INFO] debug-file - Finished :entry:default@ProcessShareConfig... after 1 ms 
[2026-03-03T22:06:35.741] [DEBUG] debug-file - Executing task :entry:default@ProcessStartupConfig
[2026-03-03T22:06:35.741] [DEBUG] debug-file - Task 'entry:default@ProcessStartupConfig' cost while wrapping incremental declarations: 1 ms 
[2026-03-03T22:06:35.741] [DEBUG] debug-file - entry:default@ProcessStartupConfig is not up-to-date, since the output file '/Users/jinglun/repository/DevEcoStudioProjects/WorkflowCelia/entry/build/default/intermediates/startup/default/startup_config.json' does not exist.
[2026-03-03T22:06:35.741] [DEBUG] debug-file - Incremental task entry:default@ProcessStartupConfig pre-execution cost: 1 ms .
[2026-03-03T22:06:35.742] [DEBUG] debug-file - entry : default@ProcessStartupConfig cost memory 0.13092041015625
[2026-03-03T22:06:35.742] [DEBUG] debug-file - runTaskFromQueue task cost before running: 150 ms 
[2026-03-03T22:06:35.742] [INFO] debug-file - Finished :entry:default@ProcessStartupConfig... after 1 ms 
[2026-03-03T22:06:35.742] [DEBUG] debug-file - Executing task :entry:default@BuildNativeWithNinja
[2026-03-03T22:06:35.742] [DEBUG] debug-file - entry : default@BuildNativeWithNinja cost memory 0.0201873779296875
[2026-03-03T22:06:35.742] [DEBUG] debug-file - runTaskFromQueue task cost before running: 151 ms 
[2026-03-03T22:06:35.742] [INFO] debug-file - Finished :entry:default@BuildNativeWithNinja... after 1 ms 
[2026-03-03T22:06:35.742] [DEBUG] debug-file - restool module names: entry; moduleName=entry, taskName=default@ProcessResource
[2026-03-03T22:06:35.742] [DEBUG] debug-file - Executing task :entry:default@ProcessResource
[2026-03-03T22:06:35.742] [DEBUG] debug-file - Task 'entry:default@ProcessResource' cost while wrapping incremental declarations: 1 ms 
[2026-03-03T22:06:35.742] [DEBUG] debug-file - Incremental task entry:default@ProcessResource pre-execution cost: 1 ms .
[2026-03-03T22:06:35.742] [DEBUG] debug-file - entry : default@ProcessResource cost memory 0.115753173828125
[2026-03-03T22:06:35.743] [INFO] debug-file - UP-TO-DATE :entry:default@ProcessResource...  
[2026-03-03T22:06:35.743] [DEBUG] debug-file - Executing task :entry:default@GenerateLoaderJson
[2026-03-03T22:06:35.743] [DEBUG] debug-file - Task 'entry:default@GenerateLoaderJson' cost while wrapping incremental declarations: 1 ms 
[2026-03-03T22:06:35.744] [DEBUG] debug-file - entry:default@GenerateLoaderJson is not up-to-date, since the input file '/Users/jinglun/repository/DevEcoStudioProjects/WorkflowCelia/entry/build/default/intermediates/router_map/default/temp-router-map.json' has been changed.
[2026-03-03T22:06:35.744] [DEBUG] debug-file - Incremental task entry:default@GenerateLoaderJson pre-execution cost: 1 ms .
[2026-03-03T22:06:35.744] [DEBUG] debug-file - entry : default@GenerateLoaderJson cost memory 0.5403976440429688
[2026-03-03T22:06:35.744] [DEBUG] debug-file - runTaskFromQueue task cost before running: 153 ms 
[2026-03-03T22:06:35.745] [INFO] debug-file - Finished :entry:default@GenerateLoaderJson... after 2 ms 
[2026-03-03T22:06:35.745] [DEBUG] debug-file - Executing task :entry:default@ProcessLibs
[2026-03-03T22:06:35.745] [DEBUG] debug-file - Incremental task entry:default@ProcessLibs pre-execution cost: 1 ms .
[2026-03-03T22:06:35.745] [DEBUG] debug-file - entry : default@ProcessLibs cost memory 0.07968902587890625
[2026-03-03T22:06:35.745] [INFO] debug-file - UP-TO-DATE :entry:default@ProcessLibs...  
[2026-03-03T22:06:35.745] [DEBUG] debug-file - restool module names: entry; moduleName=entry, taskName=default@CompileResource
[2026-03-03T22:06:35.745] [DEBUG] debug-file - Executing task :entry:default@CompileResource
[2026-03-03T22:06:35.746] [DEBUG] debug-file - entry:default@CompileResource is not up-to-date, since the input file '/Users/jinglun/repository/DevEcoStudioProjects/WorkflowCelia/entry/build/default/intermediates/process_profile/default/module.json' has been changed.
[2026-03-03T22:06:35.746] [DEBUG] debug-file - Incremental task entry:default@CompileResource pre-execution cost: 1 ms .
[2026-03-03T22:06:35.765] [DEBUG] debug-file - Use tool [/Applications/DevEco-Studio.app/Contents/sdk/default/openharmony/toolchains/restool]
 [
  '/Applications/DevEco-Studio.app/Contents/sdk/default/openharmony/toolchains/restool',
  '-l',
  '/Users/jinglun/repository/DevEcoStudioProjects/WorkflowCelia/entry/build/default/intermediates/res/default/resConfig.json'
]
[2026-03-03T22:06:35.766] [DEBUG] debug-file - current process  memoryUsage: {
  rss: 265043968,
  heapTotal: 165249024,
  heapUsed: 122035584,
  external: 3464520,
  arrayBuffers: 1352149
} os memoryUsage :23.8377685546875
[2026-03-03T22:06:35.775] [DEBUG] debug-file - Info: Pack: normal pack mode

[2026-03-03T22:06:35.799] [DEBUG] debug-file - Info: hardware concurrency count is : 10
Info: thread count is : 10

[2026-03-03T22:06:35.799] [DEBUG] debug-file - Info: thread pool is started

[2026-03-03T22:06:35.799] [DEBUG] debug-file - Info: GenericCompiler::CompileFiles

[2026-03-03T22:06:35.800] [DEBUG] debug-file - Info: GenericCompiler::CompileFiles

[2026-03-03T22:06:35.801] [DEBUG] debug-file - Warning: '/Users/jinglun/repository/DevEcoStudioProjects/WorkflowCelia/entry/src/main/resources/base/media/background.png' is defined repeatedly.
Warning: '/Users/jinglun/repository/DevEcoStudioProjects/WorkflowCelia/entry/src/main/resources/base/media/foreground.png' is defined repeatedly.
Warning: '/Users/jinglun/repository/DevEcoStudioProjects/WorkflowCelia/entry/src/main/resources/base/media/layered_image.json' is defined repeatedly.

[2026-03-03T22:06:35.801] [DEBUG] debug-file - Info: GenericCompiler::CompileFiles

[2026-03-03T22:06:35.802] [DEBUG] debug-file - 03-03 22:06:35.801 61882 4540388 E C01400/ImageTranscoderUtils: DecodeToRGBA IN

[2026-03-03T22:06:35.802] [DEBUG] debug-file - 03-03 22:06:35.802 61882 4540388 E C01400/ImageTranscoderUtils: ImageFilter IN /Users/jinglun/repository/DevEcoStudioProjects/WorkflowCelia/AppScope/resources/base/media/background.png

[2026-03-03T22:06:35.820] [DEBUG] debug-file - 03-03 22:06:35.820 61882 4540388 E C01400/ImageTranscoderUtils: DecodeToRGBA IN
03-03 22:06:35.820 61882 4540388 E C01400/ImageTranscoderUtils: ImageFilter IN /Users/jinglun/repository/DevEcoStudioProjects/WorkflowCelia/AppScope/resources/base/media/foreground.png

[2026-03-03T22:06:35.833] [DEBUG] debug-file - Info: can't scale media json file.

[2026-03-03T22:06:35.833] [DEBUG] debug-file - Warning: The width or height of the png file referenced by the icon exceeds the limit (41 pixels)
at /Users/jinglun/repository/DevEcoStudioProjects/WorkflowCelia/AppScope/resources/base/media/background.png
Warning: The width or height of the png file referenced by the icon exceeds the limit (41 pixels)
at /Users/jinglun/repository/DevEcoStudioProjects/WorkflowCelia/AppScope/resources/base/media/foreground.png
Warning: /Users/jinglun/repository/DevEcoStudioProjects/WorkflowCelia/AppScope/resources/base/media/layered_image.json is not png format

[2026-03-03T22:06:35.833] [DEBUG] debug-file - Info: restool resources compile success.

[2026-03-03T22:06:35.833] [DEBUG] debug-file - Info: thread pool is stopped

[2026-03-03T22:06:35.835] [DEBUG] debug-file - entry : default@CompileResource cost memory -7.959678649902344
[2026-03-03T22:06:35.836] [DEBUG] debug-file - runTaskFromQueue task cost before running: 244 ms 
[2026-03-03T22:06:35.836] [INFO] debug-file - Finished :entry:default@CompileResource... after 91 ms 
[2026-03-03T22:06:35.836] [DEBUG] debug-file - Executing task :entry:default@DoNativeStrip
[2026-03-03T22:06:35.836] [DEBUG] debug-file - Task 'entry:default@DoNativeStrip' cost while wrapping incremental declarations: 1 ms 
[2026-03-03T22:06:35.837] [DEBUG] debug-file - Incremental task entry:default@DoNativeStrip pre-execution cost: 1 ms .
[2026-03-03T22:06:35.837] [DEBUG] debug-file - entry : default@DoNativeStrip cost memory 0.14910125732421875
[2026-03-03T22:06:35.837] [INFO] debug-file - UP-TO-DATE :entry:default@DoNativeStrip...  
[2026-03-03T22:06:35.837] [DEBUG] debug-file - Executing task :entry:default@CompileArkTS
[2026-03-03T22:06:35.837] [DEBUG] debug-file - obfuscationOptions: undefined
[2026-03-03T22:06:35.838] [DEBUG] debug-file - Task 'entry:default@CompileArkTS' cost while wrapping incremental declarations: 1 ms 
[2026-03-03T22:06:35.841] [DEBUG] debug-file - build config:
[2026-03-03T22:06:35.841] [DEBUG] debug-file - {
  moduleType: 'entry',
  perf: 0,
  targetName: '.default',
  packageManagerType: 'ohpm',
  localPropertiesPath: '/Users/jinglun/repository/DevEcoStudioProjects/WorkflowCelia/local.properties',
  isPreview: false,
  isOhosTest: false,
  isLocalTest: false,
  buildMode: 'Debug',
  hotReloadBuild: undefined,
  watchMode: 'false',
  aceProfilePath: '/Users/jinglun/repository/DevEcoStudioProjects/WorkflowCelia/entry/build/default/intermediates/res/default/resources/base/profile',
  etsLoaderPath: '/Applications/DevEco-Studio.app/Contents/sdk/default/openharmony/ets/build-tools/ets-loader',
  modulePath: '/Users/jinglun/repository/DevEcoStudioProjects/WorkflowCelia/entry',
  testFrameworkPar: {
    testMode: undefined,
    coveragePathFilter: undefined,
    coverageMode: undefined
  },
  needCoverageInsert: false,
  debugLine: false,
  projectTopDir: '/Users/jinglun/repository/DevEcoStudioProjects/WorkflowCelia',
  compileSdkVersion: 22,
  compatibleSdkVersion: 21,
  originCompatibleSdkVersion: '6.0.1(21)',
  compatibleSdkVersionStage: undefined,
  bundleName: 'c***a',
  etsLoaderVersion: '6.0.2.130',
  etsLoaderReleaseType: 'Release',
  aotCompileMode: 'type',
  apPath: '/Users/jinglun/repository/DevEcoStudioProjects/WorkflowCelia/entry/modules.ap',
  entryModuleName: 'entry',
  entryModuleVersion: '1.0.0',
  entryPackageName: 'entry',
  allModuleNameHash: 'c12195e25be9168a05dd89f6e36f2518edbf2a9a286c7a3cde74a3d243c8473f',
  externalApiPaths: [ '/Applications/DevEco-Studio.app/Contents/sdk/default/hms/ets' ],
  compilerTypes: [],
  isCrossplatform: false,
  hvigorPluginFile: undefined,
  compilePluginPath: undefined,
  buildGeneratedProfilePath: '/Users/jinglun/repository/DevEcoStudioProjects/WorkflowCelia/entry/build/default/generated/profile/default',
  bundleType: 'app',
  arkTSVersion: undefined,
  apiVersion: 22,
  needCompleteSourcesMap: false,
  isFaMode: false,
  buildDir: '/Users/jinglun/repository/DevEcoStudioProjects/WorkflowCelia/entry/build',
  deviceTypes: [ 'phone' ],
  pkgContextInfo: {
    '@ohos/hypium': {
      packageName: '@ohos/hypium',
      bundleName: '*****',
      moduleName: '',
      version: '1.0.25',
      entryPath: 'index.js',
      isSO: false,
      dependencyAlias: ''
    },
    '@ohos/hamock': {
      packageName: '@ohos/hamock',
      bundleName: '*****',
      moduleName: '',
      version: '1.0.0',
      entryPath: 'index.ets',
      isSO: false,
      dependencyAlias: ''
    },
    entry: {
      packageName: 'entry',
      bundleName: '*****',
      moduleName: '',
      version: '',
      entryPath: 'src/main/',
      isSO: false,
      dependencyAlias: ''
    }
  },
  ohPackagePathMap: {},
  dependencyAliasMap: {},
  permission: {
    requestPermissions: [ [Object], [Object] ],
    definePermissions: undefined
  },
  useGetCurrentBundleName: false,
  projectArkOption: undefined,
  sourceMapDir: undefined,
  branchElimination: false,
  transformLib: undefined,
  tsImportSendable: false,
  resolveConflictMode: true,
  depName2RootPath: {},
  depName2DepInfo: {},
  rootPathSet: [ '/Users/jinglun/repository/DevEcoStudioProjects/WorkflowCelia' ],
  useNativeResolver: true,
  shouldEmitJs: true,
  useTscResolve: false,
  singleFileEmit: false,
  userProjectConfig: {
    autoLazyImport: false,
    allowEmptyBundleName: false,
    reExportCheckMode: 'noCheck',
    executionMode: 'memory',
    usePathPlaceholder: false,
    writeRollupCache: true,
    isExpandImportEnabled: false,
    expandImportExclude: '',
    lazyImportExclude: '',
    lazyImportInclude: '',
    ignoreCrossplatformCheck: false,
    isHarDeduplicateEnabled: false,
    skipOhModulesLint: false,
    enableStrictCheckOHModule: false,
    disableSendableCheckRules: [],
    useDeclarationFileSignature: false,
    customizedOptions: undefined,
    integratedHsp: false,
    isPreloadSoEnabled: false
  },
  executionMode: 'memory',
  arkCompileCachePath: '/Users/jinglun/repository/DevEcoStudioProjects/WorkflowCelia/entry/build/default/cache/default/default@CompileArkTS/esmodule',
  autoLazyFilter: undefined,
  isHarDeduplicateEnabled: false,
  intermediateHarDuplicateDirPath: '/Users/jinglun/repository/DevEcoStudioProjects/WorkflowCelia/entry/build/default/intermediates/har_duplicate/default',
  autoLazyImport: false,
  allowEmptyBundleName: false,
  reExportCheckMode: 'noCheck',
  usePathPlaceholder: false,
  writeRollupCache: true,
  isExpandImportEnabled: false,
  expandImportExclude: '',
  lazyImportExclude: '',
  lazyImportInclude: '',
  ignoreCrossplatformCheck: false,
  skipOhModulesLint: false,
  enableStrictCheckOHModule: false,
  disableSendableCheckRules: [],
  useDeclarationFileSignature: false,
  customizedOptions: undefined,
  integratedHsp: false,
  isPreloadSoEnabled: false,
  strictMode: {
    caseSensitiveCheck: true,
    useNormalizedOHMUrl: true,
    noExternalImportByPath: true
  },
  useNormalizedOHMUrl: true,
  caseSensitiveCheck: true,
  aceModuleJsonPath: '/Users/jinglun/repository/DevEcoStudioProjects/WorkflowCelia/entry/build/default/intermediates/res/default/ark_module.json',
  appResource: '/Users/jinglun/repository/DevEcoStudioProjects/WorkflowCelia/entry/build/default/intermediates/res/default/ResourceTable.txt',
  rawFileResource: '/Users/jinglun/repository/DevEcoStudioProjects/WorkflowCelia/entry/build/default/intermediates/res/default/resources/rawfile',
  resourceTableHash: '21682bcc9e60207aebf25296efe851f5442bdf4f240ee6cd825adec9b5dd57e6',
  runtimeOS: 'HarmonyOS',
  sdkInfo: 'false:22:6.0.2.130:Release',
  aceModuleRoot: '/Users/jinglun/repository/DevEcoStudioProjects/WorkflowCelia/entry/src/main/ets',
  compileMode: 'esmodule',
  aceSuperVisualPath: '/Users/jinglun/repository/DevEcoStudioProjects/WorkflowCelia/entry/src/main/supervisual',
  aceBuildJson: '/Users/jinglun/repository/DevEcoStudioProjects/WorkflowCelia/entry/build/default/intermediates/loader/default/loader.json',
  cachePath: '/Users/jinglun/repository/DevEcoStudioProjects/WorkflowCelia/entry/build/default/cache/default/default@CompileArkTS/esmodule/debug',
  aceModuleBuild: '/Users/jinglun/repository/DevEcoStudioProjects/WorkflowCelia/entry/build/default/intermediates/loader_out/default/ets',
  supportChunks: true,
  declaredFilesPath: undefined,
  shouldCollectDirectImportees: false,
  isByteCodeHarOptimize: false,
  expandImportPath: undefined,
  pkgNameToPkgBriefInfo: {
    entry: {
      pkgRoot: '/Users/jinglun/repository/DevEcoStudioProjects/WorkflowCelia/entry',
      originalSourceRoots: undefined,
      sourceRoots: [Array],
      pkgName: 'entry'
    }
  },
  projectModel: {
    '/Users/jinglun/repository/DevEcoStudioProjects/WorkflowCelia/entry/src/main': {
      moduleName: 'entry',
      modulePkgPath: '/Users/jinglun/repository/DevEcoStudioProjects/WorkflowCelia/entry',
      belongProjectPath: '/Users/jinglun/repository/DevEcoStudioProjects/WorkflowCelia'
    },
    '/Users/jinglun/repository/DevEcoStudioProjects/WorkflowCelia/entry/build/default/intermediates/src/ohosTest/ets': {
      moduleName: 'entry_test',
      modulePkgPath: '/Users/jinglun/repository/DevEcoStudioProjects/WorkflowCelia/entry',
      belongProjectPath: '/Users/jinglun/repository/DevEcoStudioProjects/WorkflowCelia'
    },
    '/Users/jinglun/repository/DevEcoStudioProjects/WorkflowCelia/entry/src/ohosTest': {
      moduleName: 'entry_test',
      modulePkgPath: '/Users/jinglun/repository/DevEcoStudioProjects/WorkflowCelia/entry',
      belongProjectPath: '/Users/jinglun/repository/DevEcoStudioProjects/WorkflowCelia'
    },
    '/Users/jinglun/repository/DevEcoStudioProjects/WorkflowCelia/entry': {
      moduleName: 'entry',
      modulePkgPath: '/Users/jinglun/repository/DevEcoStudioProjects/WorkflowCelia/entry',
      belongProjectPath: '/Users/jinglun/repository/DevEcoStudioProjects/WorkflowCelia'
    },
    '/Users/jinglun/repository/DevEcoStudioProjects/WorkflowCelia': {
      moduleName: 'WorkflowCelia',
      modulePkgPath: '/Users/jinglun/repository/DevEcoStudioProjects/WorkflowCelia',
      belongProjectPath: '/Users/jinglun/repository/DevEcoStudioProjects/WorkflowCelia'
    }
  },
  pkgJsonFileHash: '3bfaa91bc0f8265817f78c5f4db375b3d4306dd31bcb81c7205475f8a36209bc',
  allModulePaths: [
    '/Users/jinglun/repository/DevEcoStudioProjects/WorkflowCelia/entry'
  ],
  routerMap: {},
  obfuscationOptions: undefined,
  byteCodeHarToDependencyKeys: undefined,
  compileBlockPkg: [],
  mockParams: {
    decorator: '@MockSetup',
    packageName: '@ohos/hamock',
    etsSourceRootPath: 'src/main/ets',
    mockConfigPath: '/Users/jinglun/repository/DevEcoStudioProjects/WorkflowCelia/entry/src/mock/mock-config.json5',
    mockConfigKey2ModuleInfo: {},
    source2ModuleIdMap: {}
  },
  copyCodeResourceEnable: false,
  copyCodeResourceExcludes: [],
  copyCodeResourceIncludes: undefined,
  uiTransformOptimization: false,
  sdkPath: '/Applications/DevEco-Studio.app/Contents/sdk',
  needPreloadSoFileSet: {},
  preloadSoFilePath: '/Users/jinglun/repository/DevEcoStudioProjects/WorkflowCelia/entry/build/default/intermediates/preload/default/preload.json',
  useSourceHash: false,
  localModuleParamMap: {},
  otherPaths: {
    'entry/*': [ '../*', '../../../build/default/generated/profile/default/*' ]
  },
  collectImportersConfig: undefined
}
[2026-03-03T22:06:35.841] [DEBUG] debug-file - Compile arkts with external api path: /Applications/DevEco-Studio.app/Contents/sdk/default/hms/ets
[2026-03-03T22:06:35.841] [DEBUG] debug-file - default@CompileArkTS work[0] is submitted.
[2026-03-03T22:06:35.841] [DEBUG] debug-file - default@CompileArkTS work[0] is pushed to ready queue.
[2026-03-03T22:06:35.841] [DEBUG] debug-file - A work dispatched to worker[9] failed because unable to get work from ready queue.
[2026-03-03T22:06:35.841] [DEBUG] debug-file - A work dispatched to worker[8] failed because unable to get work from ready queue.
[2026-03-03T22:06:35.841] [DEBUG] debug-file - A work dispatched to worker[7] failed because unable to get work from ready queue.
[2026-03-03T22:06:35.841] [DEBUG] debug-file - A work dispatched to worker[6] failed because unable to get work from ready queue.
[2026-03-03T22:06:35.841] [DEBUG] debug-file - A work dispatched to worker[5] failed because unable to get work from ready queue.
[2026-03-03T22:06:35.841] [DEBUG] debug-file - Create  resident worker with id: 4.
[2026-03-03T22:06:35.842] [DEBUG] debug-file - default@CompileArkTS work[0] has been dispatched to worker[4].
[2026-03-03T22:06:35.842] [DEBUG] debug-file - default@CompileArkTS work[0] is dispatched.
[2026-03-03T22:06:35.842] [DEBUG] debug-file - entry : default@CompileArkTS cost memory 1.2233657836914062
[2026-03-03T22:06:35.842] [DEBUG] debug-file - Executing task :entry:default@BuildJS
[2026-03-03T22:06:35.842] [DEBUG] debug-file - Task 'entry:default@BuildJS' cost while wrapping incremental declarations: 1 ms 
[2026-03-03T22:06:35.843] [DEBUG] debug-file - entry : default@BuildJS cost memory 0.13118743896484375
[2026-03-03T22:06:35.843] [DEBUG] debug-file - runTaskFromQueue task cost before running: 252 ms 
[2026-03-03T22:06:35.843] [INFO] debug-file - Finished :entry:default@BuildJS... after 1 ms 
[2026-03-03T22:06:35.843] [DEBUG] debug-file - Executing task :entry:default@CacheNativeLibs
[2026-03-03T22:06:35.843] [DEBUG] debug-file - Task 'entry:default@CacheNativeLibs' cost while wrapping incremental declarations: 1 ms 
[2026-03-03T22:06:35.843] [DEBUG] debug-file - default@CacheNativeLibs work[1] is submitted.
[2026-03-03T22:06:35.843] [DEBUG] debug-file - default@CacheNativeLibs work[1] is pushed to ready queue.
[2026-03-03T22:06:35.843] [DEBUG] debug-file - A work dispatched to worker[9] failed because unable to get work from ready queue.
[2026-03-03T22:06:35.843] [DEBUG] debug-file - Create  resident worker with id: 8.
[2026-03-03T22:06:35.843] [DEBUG] debug-file - default@CacheNativeLibs work[1] has been dispatched to worker[8].
[2026-03-03T22:06:35.843] [DEBUG] debug-file - default@CacheNativeLibs work[1] is dispatched.
[2026-03-03T22:06:35.843] [DEBUG] debug-file - entry : default@CacheNativeLibs cost memory 0.13779449462890625
[2026-03-03T22:06:36.061] [DEBUG] debug-file - worker[8] has one work done.
[2026-03-03T22:06:36.061] [DEBUG] debug-file - default@CacheNativeLibs work[1] done.
[2026-03-03T22:06:36.061] [DEBUG] debug-file - A work dispatched to worker[8] failed because unable to get work from ready queue.
[2026-03-03T22:06:36.062] [INFO] debug-file - Finished :entry:default@CacheNativeLibs... after 2 ms 
[2026-03-03T22:06:38.056] [DEBUG] debug-file - Ark compile task finished.finished time is 887586627848416
[2026-03-03T22:06:38.056] [DEBUG] debug-file - worker[4] has one work error.
[2026-03-03T22:06:38.056] [DEBUG] debug-file - default@CompileArkTS work[0] failed.
[2026-03-03T22:06:38.056] [ERROR] debug-file - Failed :entry:default@CompileArkTS... 
[2026-03-03T22:06:38.056] [WARN] debug-file - 
[33m1 WARN: [33m[33mArkTS:WARN: For details about ArkTS syntax errors, see FAQs[39m[39m
[33m2 WARN: [33m[33mArkTS:WARN File: /Users/jinglun/repository/DevEcoStudioProjects/WorkflowCelia/entry/src/main/ets/abilityprovider/localprovider/abilityhandler/CalendarHandler.ts:47:34
 Function may throw exceptions. Special handling is required.
[39m[39m
[33m3 WARN: [33m[33mArkTS:WARN File: /Users/jinglun/repository/DevEcoStudioProjects/WorkflowCelia/entry/src/main/ets/pages/Index.ets:12:5
 Function may throw exceptions. Special handling is required.
[39m[39m
[33m4 WARN: [33m[33mArkTS:WARN File: /Users/jinglun/repository/DevEcoStudioProjects/WorkflowCelia/entry/src/main/ets/pages/Index.ets:12:12
 'replaceUrl' has been deprecated.
[39m[39m
[33m5 WARN: [33m[33mArkTS:WARN File: /Users/jinglun/repository/DevEcoStudioProjects/WorkflowCelia/entry/src/main/ets/pages/WorkflowsList.ets:107:20
 'pushUrl' has been deprecated.
[39m[39m
[33m6 WARN: [33m[33mArkTS:WARN File: /Users/jinglun/repository/DevEcoStudioProjects/WorkflowCelia/entry/src/main/ets/pages/ExternalAbilityDemo.ets:47:7
 Function may throw exceptions. Special handling is required.
[39m[39m
[33m7 WARN: [33m[33mArkTS:WARN File: /Users/jinglun/repository/DevEcoStudioProjects/WorkflowCelia/entry/src/main/ets/pages/ExternalAbilityDemo.ets:47:20
 'showToast' has been deprecated.
[39m[39m
[33m8 WARN: [33m[33mArkTS:WARN File: /Users/jinglun/repository/DevEcoStudioProjects/WorkflowCelia/entry/src/main/ets/pages/ExternalAbilityDemo.ets:61:22
 'showToast' has been deprecated.
[39m[39m
[33m9 WARN: [33m[33mArkTS:WARN File: /Users/jinglun/repository/DevEcoStudioProjects/WorkflowCelia/entry/src/main/ets/pages/ExternalAbilityDemo.ets:64:22
 'showToast' has been deprecated.
[39m[39m
[33m10 WARN: [33m[33mArkTS:WARN File: /Users/jinglun/repository/DevEcoStudioProjects/WorkflowCelia/entry/src/main/ets/pages/ExternalAbilityDemo.ets:68:7
 Function may throw exceptions. Special handling is required.
[39m[39m
[33m11 WARN: [33m[33mArkTS:WARN File: /Users/jinglun/repository/DevEcoStudioProjects/WorkflowCelia/entry/src/main/ets/pages/ExternalAbilityDemo.ets:68:20
 'showToast' has been deprecated.
[39m[39m
[33m12 WARN: [33m[33mArkTS:WARN File: /Users/jinglun/repository/DevEcoStudioProjects/WorkflowCelia/entry/src/main/ets/pages/ExternalAbilityDemo.ets:77:7
 Function may throw exceptions. Special handling is required.
[39m[39m
[33m13 WARN: [33m[33mArkTS:WARN File: /Users/jinglun/repository/DevEcoStudioProjects/WorkflowCelia/entry/src/main/ets/pages/ExternalAbilityDemo.ets:77:20
 'showToast' has been deprecated.
[39m[39m
[33m14 WARN: [33m[33mArkTS:WARN File: /Users/jinglun/repository/DevEcoStudioProjects/WorkflowCelia/entry/src/main/ets/pages/ExternalAbilityDemo.ets:92:22
 'showToast' has been deprecated.
[39m[39m
[33m15 WARN: [33m[33mArkTS:WARN File: /Users/jinglun/repository/DevEcoStudioProjects/WorkflowCelia/entry/src/main/ets/pages/ExternalAbilityDemo.ets:95:22
 'showToast' has been deprecated.
[39m[39m
[33m16 WARN: [33m[33mArkTS:WARN File: /Users/jinglun/repository/DevEcoStudioProjects/WorkflowCelia/entry/src/main/ets/pages/ExternalAbilityDemo.ets:99:7
 Function may throw exceptions. Special handling is required.
[39m[39m
[33m17 WARN: [33m[33mArkTS:WARN File: /Users/jinglun/repository/DevEcoStudioProjects/WorkflowCelia/entry/src/main/ets/pages/ExternalAbilityDemo.ets:99:20
 'showToast' has been deprecated.
[39m[39m
[33m18 WARN: [33m[33mArkTS:WARN File: /Users/jinglun/repository/DevEcoStudioProjects/WorkflowCelia/entry/src/main/ets/pages/ExternalAbilityDemo.ets:108:7
 Function may throw exceptions. Special handling is required.
[39m[39m
[33m19 WARN: [33m[33mArkTS:WARN File: /Users/jinglun/repository/DevEcoStudioProjects/WorkflowCelia/entry/src/main/ets/pages/ExternalAbilityDemo.ets:108:20
 'showToast' has been deprecated.
[39m[39m
[33m20 WARN: [33m[33mArkTS:WARN File: /Users/jinglun/repository/DevEcoStudioProjects/WorkflowCelia/entry/src/main/ets/pages/ExternalAbilityDemo.ets:123:5
 Function may throw exceptions. Special handling is required.
[39m[39m
[33m21 WARN: [33m[33mArkTS:WARN File: /Users/jinglun/repository/DevEcoStudioProjects/WorkflowCelia/entry/src/main/ets/pages/ExternalAbilityDemo.ets:123:18
 'showToast' has been deprecated.
[39m[39m
[33m22 WARN: [33m[33mArkTS:WARN File: /Users/jinglun/repository/DevEcoStudioProjects/WorkflowCelia/entry/src/main/ets/pages/ExternalAbilityDemo.ets:131:7
 Function may throw exceptions. Special handling is required.
[39m[39m
[33m23 WARN: [33m[33mArkTS:WARN File: /Users/jinglun/repository/DevEcoStudioProjects/WorkflowCelia/entry/src/main/ets/pages/ExternalAbilityDemo.ets:131:20
 'showToast' has been deprecated.
[39m[39m
[33m24 WARN: [33m[33mArkTS:WARN File: /Users/jinglun/repository/DevEcoStudioProjects/WorkflowCelia/entry/src/main/ets/pages/ExternalAbilityDemo.ets:147:5
 Function may throw exceptions. Special handling is required.
[39m[39m
[33m25 WARN: [33m[33mArkTS:WARN File: /Users/jinglun/repository/DevEcoStudioProjects/WorkflowCelia/entry/src/main/ets/pages/ExternalAbilityDemo.ets:147:18
 'showToast' has been deprecated.
[39m[39m
[33m26 WARN: [33m[33mArkTS:WARN File: /Users/jinglun/repository/DevEcoStudioProjects/WorkflowCelia/entry/src/main/ets/pages/AbilityLinkDemo.ets:144:7
 Function may throw exceptions. Special handling is required.
[39m[39m
[33m27 WARN: [33m[33mArkTS:WARN File: /Users/jinglun/repository/DevEcoStudioProjects/WorkflowCelia/entry/src/main/ets/pages/AbilityLinkDemo.ets:144:20
 'showToast' has been deprecated.
[39m[39m
[33m28 WARN: [33m[33mArkTS:WARN File: /Users/jinglun/repository/DevEcoStudioProjects/WorkflowCelia/entry/src/main/ets/pages/AbilityLinkDemo.ets:162:22
 'showToast' has been deprecated.
[39m[39m
[33m29 WARN: [33m[33mArkTS:WARN File: /Users/jinglun/repository/DevEcoStudioProjects/WorkflowCelia/entry/src/main/ets/pages/AbilityLinkDemo.ets:165:22
 'showToast' has been deprecated.
[39m[39m
[33m30 WARN: [33m[33mArkTS:WARN File: /Users/jinglun/repository/DevEcoStudioProjects/WorkflowCelia/entry/src/main/ets/pages/AbilityLinkDemo.ets:169:7
 Function may throw exceptions. Special handling is required.
[39m[39m
[33m31 WARN: [33m[33mArkTS:WARN File: /Users/jinglun/repository/DevEcoStudioProjects/WorkflowCelia/entry/src/main/ets/pages/AbilityLinkDemo.ets:169:20
 'showToast' has been deprecated.
[39m[39m
[2026-03-03T22:06:38.056] [DEBUG] debug-file - hvigor build process will be closed with an error.
[2026-03-03T22:06:38.057] [DEBUG] debug-file - ERROR: stacktrace = Error: Could not resolve "../core/index" from "entry/src/main/ets/pages/Index.ets"
[31m1 ERROR: [31m10605008 ArkTS Compiler Error
Error Message: Use explicit types instead of "any", "unknown" (arkts-no-any-unknown) At File: /Users/jinglun/repository/DevEcoStudioProjects/WorkflowCelia/entry/src/main/ets/pages/WorkflowsList.ets:28:11
[39m
[39m
[31m2 ERROR: [31m10605008 ArkTS Compiler Error
Error Message: Use explicit types instead of "any", "unknown" (arkts-no-any-unknown) At File: /Users/jinglun/repository/DevEcoStudioProjects/WorkflowCelia/entry/src/main/ets/pages/WorkflowsList.ets:38:11
[39m
[39m
[31m3 ERROR: [31m10605008 ArkTS Compiler Error
Error Message: Use explicit types instead of "any", "unknown" (arkts-no-any-unknown) At File: /Users/jinglun/repository/DevEcoStudioProjects/WorkflowCelia/entry/src/main/ets/pages/WorkflowsList.ets:46:11
[39m
[39m
[31m4 ERROR: [31m10605008 ArkTS Compiler Error
Error Message: Use explicit types instead of "any", "unknown" (arkts-no-any-unknown) At File: /Users/jinglun/repository/DevEcoStudioProjects/WorkflowCelia/entry/src/main/ets/pages/WorkflowsList.ets:56:11
[39m
[39m
[31m5 ERROR: [31m10605008 ArkTS Compiler Error
Error Message: Use explicit types instead of "any", "unknown" (arkts-no-any-unknown) At File: /Users/jinglun/repository/DevEcoStudioProjects/WorkflowCelia/entry/src/main/ets/pages/WorkflowsList.ets:65:11
[39m
[39m
[31m6 ERROR: [31m10605008 ArkTS Compiler Error
Error Message: Use explicit types instead of "any", "unknown" (arkts-no-any-unknown) At File: /Users/jinglun/repository/DevEcoStudioProjects/WorkflowCelia/entry/src/main/ets/pages/WorkflowsList.ets:74:11
[39m
[39m
[31m7 ERROR: [31m10605008 ArkTS Compiler Error
Error Message: Use explicit types instead of "any", "unknown" (arkts-no-any-unknown) At File: /Users/jinglun/repository/DevEcoStudioProjects/WorkflowCelia/entry/src/main/ets/pages/WorkflowsList.ets:214:11
[39m
[39m
[31m8 ERROR: [31m10605008 ArkTS Compiler Error
Error Message: Use explicit types instead of "any", "unknown" (arkts-no-any-unknown) At File: /Users/jinglun/repository/DevEcoStudioProjects/WorkflowCelia/entry/src/main/ets/pages/WorkflowsList.ets:217:13
[39m
[39m
[31m9 ERROR: [31m10605008 ArkTS Compiler Error
Error Message: Use explicit types instead of "any", "unknown" (arkts-no-any-unknown) At File: /Users/jinglun/repository/DevEcoStudioProjects/WorkflowCelia/entry/src/main/ets/pages/ExternalAbilityDemo.ets:57:13
[39m
[39m
[31m10 ERROR: [31m10605008 ArkTS Compiler Error
Error Message: Use explicit types instead of "any", "unknown" (arkts-no-any-unknown) At File: /Users/jinglun/repository/DevEcoStudioProjects/WorkflowCelia/entry/src/main/ets/pages/ExternalAbilityDemo.ets:88:13
[39m
[39m
[31m11 ERROR: [31m10605008 ArkTS Compiler Error
Error Message: Use explicit types instead of "any", "unknown" (arkts-no-any-unknown) At File: /Users/jinglun/repository/DevEcoStudioProjects/WorkflowCelia/entry/src/main/ets/pages/AbilityLinkDemo.ets:74:13
[39m
[39m
[31m12 ERROR: [31m10605008 ArkTS Compiler Error
Error Message: Use explicit types instead of "any", "unknown" (arkts-no-any-unknown) At File: /Users/jinglun/repository/DevEcoStudioProjects/WorkflowCelia/entry/src/main/ets/pages/AbilityLinkDemo.ets:113:13
[39m
[39m
[31m13 ERROR: [31m10605008 ArkTS Compiler Error
Error Message: Use explicit types instead of "any", "unknown" (arkts-no-any-unknown) At File: /Users/jinglun/repository/DevEcoStudioProjects/WorkflowCelia/entry/src/main/ets/pages/AbilityLinkDemo.ets:139:11
[39m
[39m
[31m14 ERROR: [31m10605008 ArkTS Compiler Error
Error Message: Use explicit types instead of "any", "unknown" (arkts-no-any-unknown) At File: /Users/jinglun/repository/DevEcoStudioProjects/WorkflowCelia/entry/src/main/ets/pages/AbilityLinkDemo.ets:152:13
[39m
[39m
[31m15 ERROR: [31m10505001 ArkTS Compiler Error
Error Message: Cannot find module 'ability_link' or its corresponding type declarations. At File: /Users/jinglun/repository/DevEcoStudioProjects/WorkflowCelia/entry/src/main/ets/abilityprovider/localprovider/abilityhandler/AbsAbilityHandler.ts:1:30
[39m
[39m
[31m16 ERROR: [31m10505001 ArkTS Compiler Error
Error Message: Cannot find module 'ability_link/src/main/ets/utils/Logger' or its corresponding type declarations. At File: /Users/jinglun/repository/DevEcoStudioProjects/WorkflowCelia/entry/src/main/ets/abilityprovider/localprovider/abilityhandler/CalendarHandler.ts:5:24
[39m
[39m
[31m17 ERROR: [31m10505001 ArkTS Compiler Error
Error Message: Cannot find module '../core' or its corresponding type declarations. At File: /Users/jinglun/repository/DevEcoStudioProjects/WorkflowCelia/entry/src/main/ets/abilityprovider/GeneralAbilityManager.ts:1:24
[39m
[39m
[31m18 ERROR: [31m10505001 ArkTS Compiler Error
Error Message: Cannot find module '../services/AbilityLinkService' or its corresponding type declarations. At File: /Users/jinglun/repository/DevEcoStudioProjects/WorkflowCelia/entry/src/main/ets/entryability/EntryAbility.ts:3:36
[39m
[39m
[31m19 ERROR: [31m10505001 ArkTS Compiler Error
Error Message: Cannot find module '../core/index' or its corresponding type declarations. At File: /Users/jinglun/repository/DevEcoStudioProjects/WorkflowCelia/entry/src/main/ets/pages/Index.ets:5:42
[39m
[39m
[31m20 ERROR: [31m10505001 ArkTS Compiler Error
Error Message: Cannot find module '../core/index' or its corresponding type declarations. At File: /Users/jinglun/repository/DevEcoStudioProjects/WorkflowCelia/entry/src/main/ets/pages/WorkflowsList.ets:11:8
[39m
[39m
[31m21 ERROR: [31m10505001 ArkTS Compiler Error
Error Message: Cannot find module '../providers/ExternalAbilityService' or its corresponding type declarations. At File: /Users/jinglun/repository/DevEcoStudioProjects/WorkflowCelia/entry/src/main/ets/pages/ExternalAbilityDemo.ets:5:64
[39m
[39m
[31m22 ERROR: [31m10505001 ArkTS Compiler Error
Error Message: Cannot find module '../core/engine/BackgroundTaskExecutor' or its corresponding type declarations. At File: /Users/jinglun/repository/DevEcoStudioProjects/WorkflowCelia/entry/src/main/ets/pages/ExternalAbilityDemo.ets:6:66
[39m
[39m
[31m23 ERROR: [31m10505001 ArkTS Compiler Error
Error Message: Cannot find module '../services/AbilityLinkService' or its corresponding type declarations. At File: /Users/jinglun/repository/DevEcoStudioProjects/WorkflowCelia/entry/src/main/ets/pages/AbilityLinkDemo.ets:7:52
[39m
[39m
[31mCOMPILE RESULT:FAIL {ERROR:24 WARN:31}[39m
    at runArkPack (/Applications/DevEco-Studio.app/Contents/tools/hvigor/hvigor-ohos-plugin/node_modules/@ohos/hvigor-arkts-compose/dist/src/arkts-pack.js:1:5736)
RollupError: Could not resolve "../core/index" from "entry/src/main/ets/pages/Index.ets"
    at error (/Applications/DevEco-Studio.app/Contents/tools/hvigor/hvigor-ohos-plugin/node_modules/@ohos/hvigor-arkts-base/node_modules/rollup/dist/shared/rollup.js:215:30)
    at ModuleLoader.handleInvalidResolvedId (/Applications/DevEco-Studio.app/Contents/tools/hvigor/hvigor-ohos-plugin/node_modules/@ohos/hvigor-arkts-base/node_modules/rollup/dist/shared/rollup.js:27148:24)
    at /Applications/DevEco-Studio.app/Contents/tools/hvigor/hvigor-ohos-plugin/node_modules/@ohos/hvigor-arkts-base/node_modules/rollup/dist/shared/rollup.js:27110:28
[2026-03-03T22:06:38.057] [ERROR] debug-file - Error: Could not resolve "../core/index" from "entry/src/main/ets/pages/Index.ets"
[31m1 ERROR: [31m10605008 ArkTS Compiler Error
Error Message: Use explicit types instead of "any", "unknown" (arkts-no-any-unknown) At File: /Users/jinglun/repository/DevEcoStudioProjects/WorkflowCelia/entry/src/main/ets/pages/WorkflowsList.ets:28:11
[39m
[39m
[31m2 ERROR: [31m10605008 ArkTS Compiler Error
Error Message: Use explicit types instead of "any", "unknown" (arkts-no-any-unknown) At File: /Users/jinglun/repository/DevEcoStudioProjects/WorkflowCelia/entry/src/main/ets/pages/WorkflowsList.ets:38:11
[39m
[39m
[31m3 ERROR: [31m10605008 ArkTS Compiler Error
Error Message: Use explicit types instead of "any", "unknown" (arkts-no-any-unknown) At File: /Users/jinglun/repository/DevEcoStudioProjects/WorkflowCelia/entry/src/main/ets/pages/WorkflowsList.ets:46:11
[39m
[39m
[31m4 ERROR: [31m10605008 ArkTS Compiler Error
Error Message: Use explicit types instead of "any", "unknown" (arkts-no-any-unknown) At File: /Users/jinglun/repository/DevEcoStudioProjects/WorkflowCelia/entry/src/main/ets/pages/WorkflowsList.ets:56:11
[39m
[39m
[31m5 ERROR: [31m10605008 ArkTS Compiler Error
Error Message: Use explicit types instead of "any", "unknown" (arkts-no-any-unknown) At File: /Users/jinglun/repository/DevEcoStudioProjects/WorkflowCelia/entry/src/main/ets/pages/WorkflowsList.ets:65:11
[39m
[39m
[31m6 ERROR: [31m10605008 ArkTS Compiler Error
Error Message: Use explicit types instead of "any", "unknown" (arkts-no-any-unknown) At File: /Users/jinglun/repository/DevEcoStudioProjects/WorkflowCelia/entry/src/main/ets/pages/WorkflowsList.ets:74:11
[39m
[39m
[31m7 ERROR: [31m10605008 ArkTS Compiler Error
Error Message: Use explicit types instead of "any", "unknown" (arkts-no-any-unknown) At File: /Users/jinglun/repository/DevEcoStudioProjects/WorkflowCelia/entry/src/main/ets/pages/WorkflowsList.ets:214:11
[39m
[39m
[31m8 ERROR: [31m10605008 ArkTS Compiler Error
Error Message: Use explicit types instead of "any", "unknown" (arkts-no-any-unknown) At File: /Users/jinglun/repository/DevEcoStudioProjects/WorkflowCelia/entry/src/main/ets/pages/WorkflowsList.ets:217:13
[39m
[39m
[31m9 ERROR: [31m10605008 ArkTS Compiler Error
Error Message: Use explicit types instead of "any", "unknown" (arkts-no-any-unknown) At File: /Users/jinglun/repository/DevEcoStudioProjects/WorkflowCelia/entry/src/main/ets/pages/ExternalAbilityDemo.ets:57:13
[39m
[39m
[31m10 ERROR: [31m10605008 ArkTS Compiler Error
Error Message: Use explicit types instead of "any", "unknown" (arkts-no-any-unknown) At File: /Users/jinglun/repository/DevEcoStudioProjects/WorkflowCelia/entry/src/main/ets/pages/ExternalAbilityDemo.ets:88:13
[39m
[39m
[31m11 ERROR: [31m10605008 ArkTS Compiler Error
Error Message: Use explicit types instead of "any", "unknown" (arkts-no-any-unknown) At File: /Users/jinglun/repository/DevEcoStudioProjects/WorkflowCelia/entry/src/main/ets/pages/AbilityLinkDemo.ets:74:13
[39m
[39m
[31m12 ERROR: [31m10605008 ArkTS Compiler Error
Error Message: Use explicit types instead of "any", "unknown" (arkts-no-any-unknown) At File: /Users/jinglun/repository/DevEcoStudioProjects/WorkflowCelia/entry/src/main/ets/pages/AbilityLinkDemo.ets:113:13
[39m
[39m
[31m13 ERROR: [31m10605008 ArkTS Compiler Error
Error Message: Use explicit types instead of "any", "unknown" (arkts-no-any-unknown) At File: /Users/jinglun/repository/DevEcoStudioProjects/WorkflowCelia/entry/src/main/ets/pages/AbilityLinkDemo.ets:139:11
[39m
[39m
[31m14 ERROR: [31m10605008 ArkTS Compiler Error
Error Message: Use explicit types instead of "any", "unknown" (arkts-no-any-unknown) At File: /Users/jinglun/repository/DevEcoStudioProjects/WorkflowCelia/entry/src/main/ets/pages/AbilityLinkDemo.ets:152:13
[39m
[39m
[31m15 ERROR: [31m10505001 ArkTS Compiler Error
Error Message: Cannot find module 'ability_link' or its corresponding type declarations. At File: /Users/jinglun/repository/DevEcoStudioProjects/WorkflowCelia/entry/src/main/ets/abilityprovider/localprovider/abilityhandler/AbsAbilityHandler.ts:1:30
[39m
[39m
[31m16 ERROR: [31m10505001 ArkTS Compiler Error
Error Message: Cannot find module 'ability_link/src/main/ets/utils/Logger' or its corresponding type declarations. At File: /Users/jinglun/repository/DevEcoStudioProjects/WorkflowCelia/entry/src/main/ets/abilityprovider/localprovider/abilityhandler/CalendarHandler.ts:5:24
[39m
[39m
[31m17 ERROR: [31m10505001 ArkTS Compiler Error
Error Message: Cannot find module '../core' or its corresponding type declarations. At File: /Users/jinglun/repository/DevEcoStudioProjects/WorkflowCelia/entry/src/main/ets/abilityprovider/GeneralAbilityManager.ts:1:24
[39m
[39m
[31m18 ERROR: [31m10505001 ArkTS Compiler Error
Error Message: Cannot find module '../services/AbilityLinkService' or its corresponding type declarations. At File: /Users/jinglun/repository/DevEcoStudioProjects/WorkflowCelia/entry/src/main/ets/entryability/EntryAbility.ts:3:36
[39m
[39m
[31m19 ERROR: [31m10505001 ArkTS Compiler Error
Error Message: Cannot find module '../core/index' or its corresponding type declarations. At File: /Users/jinglun/repository/DevEcoStudioProjects/WorkflowCelia/entry/src/main/ets/pages/Index.ets:5:42
[39m
[39m
[31m20 ERROR: [31m10505001 ArkTS Compiler Error
Error Message: Cannot find module '../core/index' or its corresponding type declarations. At File: /Users/jinglun/repository/DevEcoStudioProjects/WorkflowCelia/entry/src/main/ets/pages/WorkflowsList.ets:11:8
[39m
[39m
[31m21 ERROR: [31m10505001 ArkTS Compiler Error
Error Message: Cannot find module '../providers/ExternalAbilityService' or its corresponding type declarations. At File: /Users/jinglun/repository/DevEcoStudioProjects/WorkflowCelia/entry/src/main/ets/pages/ExternalAbilityDemo.ets:5:64
[39m
[39m
[31m22 ERROR: [31m10505001 ArkTS Compiler Error
Error Message: Cannot find module '../core/engine/BackgroundTaskExecutor' or its corresponding type declarations. At File: /Users/jinglun/repository/DevEcoStudioProjects/WorkflowCelia/entry/src/main/ets/pages/ExternalAbilityDemo.ets:6:66
[39m
[39m
[31m23 ERROR: [31m10505001 ArkTS Compiler Error
Error Message: Cannot find module '../services/AbilityLinkService' or its corresponding type declarations. At File: /Users/jinglun/repository/DevEcoStudioProjects/WorkflowCelia/entry/src/main/ets/pages/AbilityLinkDemo.ets:7:52
[39m
[39m
[31mCOMPILE RESULT:FAIL {ERROR:24 WARN:31}[39m
    at runArkPack (/Applications/DevEco-Studio.app/Contents/tools/hvigor/hvigor-ohos-plugin/node_modules/@ohos/hvigor-arkts-compose/dist/src/arkts-pack.js:1:5736)
RollupError: Could not resolve "../core/index" from "entry/src/main/ets/pages/Index.ets"
    at error (/Applications/DevEco-Studio.app/Contents/tools/hvigor/hvigor-ohos-plugin/node_modules/@ohos/hvigor-arkts-base/node_modules/rollup/dist/shared/rollup.js:215:30)
    at ModuleLoader.handleInvalidResolvedId (/Applications/DevEco-Studio.app/Contents/tools/hvigor/hvigor-ohos-plugin/node_modules/@ohos/hvigor-arkts-base/node_modules/rollup/dist/shared/rollup.js:27148:24)
    at /Applications/DevEco-Studio.app/Contents/tools/hvigor/hvigor-ohos-plugin/node_modules/@ohos/hvigor-arkts-base/node_modules/rollup/dist/shared/rollup.js:27110:28
[2026-03-03T22:06:38.058] [ERROR] debug-file - BUILD FAILED in 2 s 466 ms 
[2026-03-03T22:06:38.058] [DEBUG] debug-file - Update task entry:default@PreBuild input file:/Users/jinglun/repository/DevEcoStudioProjects/WorkflowCelia/AppScope/app.json5 cache by regenerate.
[2026-03-03T22:06:38.058] [DEBUG] debug-file - Update task entry:default@PreBuild input file:/Users/jinglun/repository/DevEcoStudioProjects/WorkflowCelia/entry/src/main/module.json5 cache from map.
[2026-03-03T22:06:38.058] [DEBUG] debug-file - Update task entry:default@PreBuild input file:/Users/jinglun/repository/DevEcoStudioProjects/WorkflowCelia/build-profile.json5 cache by regenerate.
[2026-03-03T22:06:38.058] [DEBUG] debug-file - Update task entry:default@PreBuild input file:/Users/jinglun/repository/DevEcoStudioProjects/WorkflowCelia/entry/build-profile.json5 cache by regenerate.
[2026-03-03T22:06:38.058] [DEBUG] debug-file - Update task entry:default@PreBuild input file:/Users/jinglun/repository/DevEcoStudioProjects/WorkflowCelia/entry/src/main/resources/base/profile/main_pages.json cache by regenerate.
[2026-03-03T22:06:38.058] [DEBUG] debug-file - Update task entry:default@PreBuild input file:/Users/jinglun/repository/DevEcoStudioProjects/WorkflowCelia/hvigor/hvigor-config.json5 cache by regenerate.
[2026-03-03T22:06:38.058] [DEBUG] debug-file - Update task entry:default@PreBuild input file:/Users/jinglun/repository/DevEcoStudioProjects/WorkflowCelia/entry/src/mock/mock-config.json5 cache by regenerate.
[2026-03-03T22:06:38.058] [DEBUG] debug-file - Update task entry:default@PreBuild input file:/Users/jinglun/repository/DevEcoStudioProjects/WorkflowCelia/entry/oh-package.json5 cache by regenerate.
[2026-03-03T22:06:38.058] [DEBUG] debug-file - Update task entry:default@PreBuild input file:/Users/jinglun/repository/DevEcoStudioProjects/WorkflowCelia/oh-package.json5 cache by regenerate.
[2026-03-03T22:06:38.058] [DEBUG] debug-file - Incremental task entry:default@PreBuild post-execution cost:1 ms .
[2026-03-03T22:06:38.058] [DEBUG] debug-file - Update task entry:default@CreateModuleInfo output file:/Users/jinglun/repository/DevEcoStudioProjects/WorkflowCelia/entry/build/default/generated/profile/default/ModuleInfo.ts cache.
[2026-03-03T22:06:38.058] [DEBUG] debug-file - Incremental task entry:default@CreateModuleInfo post-execution cost:1 ms .
[2026-03-03T22:06:38.058] [DEBUG] debug-file - Update task entry:default@GenerateMetadata input file:/Users/jinglun/repository/DevEcoStudioProjects/WorkflowCelia/entry/src/main/module.json5 cache from map.
[2026-03-03T22:06:38.058] [DEBUG] debug-file - Update task entry:default@GenerateMetadata output file:/Users/jinglun/repository/DevEcoStudioProjects/WorkflowCelia/entry/build/default/intermediates/hap_metadata/default/output_metadata.json cache.
[2026-03-03T22:06:38.059] [DEBUG] debug-file - Incremental task entry:default@GenerateMetadata post-execution cost:1 ms .
[2026-03-03T22:06:38.059] [DEBUG] debug-file - Update task entry:default@MergeProfile input file:/Users/jinglun/repository/DevEcoStudioProjects/WorkflowCelia/AppScope/app.json5 cache by regenerate.
[2026-03-03T22:06:38.059] [DEBUG] debug-file - Update task entry:default@MergeProfile input file:/Users/jinglun/repository/DevEcoStudioProjects/WorkflowCelia/build-profile.json5 cache by regenerate.
[2026-03-03T22:06:38.059] [DEBUG] debug-file - Update task entry:default@MergeProfile input file:/Users/jinglun/repository/DevEcoStudioProjects/WorkflowCelia/entry/src/main/module.json5 cache from map.
[2026-03-03T22:06:38.059] [DEBUG] debug-file - Update task entry:default@MergeProfile output file:/Users/jinglun/repository/DevEcoStudioProjects/WorkflowCelia/entry/build/default/intermediates/merge_profile/default/module.json cache.
[2026-03-03T22:06:38.059] [DEBUG] debug-file - Incremental task entry:default@MergeProfile post-execution cost:1 ms .
[2026-03-03T22:06:38.059] [DEBUG] debug-file - There is no need to refresh cache, since the incremental task entry:default@CreateBuildProfile is up-to-date.
[2026-03-03T22:06:38.059] [DEBUG] debug-file - There is no need to refresh cache, since the incremental task entry:default@GeneratePkgContextInfo is up-to-date.
[2026-03-03T22:06:38.059] [DEBUG] debug-file - Update task entry:default@ProcessIntegratedHsp output file:/Users/jinglun/repository/DevEcoStudioProjects/WorkflowCelia/build/cache/default/integrated_hsp/integratedHspCache.json cache.
[2026-03-03T22:06:38.059] [DEBUG] debug-file - Incremental task entry:default@ProcessIntegratedHsp post-execution cost:1 ms .
[2026-03-03T22:06:38.059] [DEBUG] debug-file - Update task entry:default@MakePackInfo input file:/Users/jinglun/repository/DevEcoStudioProjects/WorkflowCelia/AppScope/app.json5 cache by regenerate.
[2026-03-03T22:06:38.059] [DEBUG] debug-file - Update task entry:default@MakePackInfo input file:/Users/jinglun/repository/DevEcoStudioProjects/WorkflowCelia/entry/src/main/module.json5 cache from map.
[2026-03-03T22:06:38.059] [DEBUG] debug-file - Update task entry:default@MakePackInfo input file:/Users/jinglun/repository/DevEcoStudioProjects/WorkflowCelia/build-profile.json5 cache by regenerate.
[2026-03-03T22:06:38.059] [DEBUG] debug-file - Update task entry:default@MakePackInfo output file:/Users/jinglun/repository/DevEcoStudioProjects/WorkflowCelia/entry/build/default/outputs/default/pack.info cache.
[2026-03-03T22:06:38.059] [DEBUG] debug-file - Incremental task entry:default@MakePackInfo post-execution cost:1 ms .
[2026-03-03T22:06:38.059] [DEBUG] debug-file - Update task entry:default@SyscapTransform input file:/Applications/DevEco-Studio.app/Contents/sdk/default/openharmony/toolchains/syscap_tool cache by regenerate.
[2026-03-03T22:06:38.059] [DEBUG] debug-file - Update task entry:default@SyscapTransform input file:/Applications/DevEco-Studio.app/Contents/sdk/default/openharmony/ets/api/device-define cache by regenerate.
[2026-03-03T22:06:38.059] [DEBUG] debug-file - Update task entry:default@SyscapTransform output file:/Users/jinglun/repository/DevEcoStudioProjects/WorkflowCelia/entry/build/default/intermediates/syscap/default/rpcid.sc cache.
[2026-03-03T22:06:38.059] [DEBUG] debug-file - Incremental task entry:default@SyscapTransform post-execution cost:1 ms .
[2026-03-03T22:06:38.059] [DEBUG] debug-file - Update task entry:default@ProcessProfile input file:/Users/jinglun/repository/DevEcoStudioProjects/WorkflowCelia/entry/build/default/intermediates/merge_profile/default/module.json cache from map.
[2026-03-03T22:06:38.059] [DEBUG] debug-file - Update task entry:default@ProcessProfile output file:/Users/jinglun/repository/DevEcoStudioProjects/WorkflowCelia/entry/build/default/intermediates/process_profile/default/module.json cache.
[2026-03-03T22:06:38.059] [DEBUG] debug-file - Incremental task entry:default@ProcessProfile post-execution cost:1 ms .
[2026-03-03T22:06:38.059] [DEBUG] debug-file - Update task entry:default@ProcessRouterMap input file:/Users/jinglun/repository/DevEcoStudioProjects/WorkflowCelia/entry/oh-package.json5 cache by regenerate.
[2026-03-03T22:06:38.059] [DEBUG] debug-file - Update task entry:default@ProcessRouterMap input file:/Users/jinglun/repository/DevEcoStudioProjects/WorkflowCelia/oh-package.json5 cache by regenerate.
[2026-03-03T22:06:38.059] [DEBUG] debug-file - Update task entry:default@ProcessRouterMap input file:/Users/jinglun/repository/DevEcoStudioProjects/WorkflowCelia/entry/src/main/module.json5 cache from map.
[2026-03-03T22:06:38.059] [DEBUG] debug-file - Update task entry:default@ProcessRouterMap input file:/Users/jinglun/repository/DevEcoStudioProjects/WorkflowCelia/entry/build/default/intermediates/loader/default/pkgContextInfo.json cache by regenerate.
[2026-03-03T22:06:38.059] [DEBUG] debug-file - Update task entry:default@ProcessRouterMap output file:/Users/jinglun/repository/DevEcoStudioProjects/WorkflowCelia/entry/build/default/intermediates/router_map/default/temp-router-map.json cache.
[2026-03-03T22:06:38.059] [DEBUG] debug-file - Update task entry:default@ProcessRouterMap output file:/Users/jinglun/repository/DevEcoStudioProjects/WorkflowCelia/entry/build/default/intermediates/router_map/default/loader-router-map.json cache.
[2026-03-03T22:06:38.059] [DEBUG] debug-file - Incremental task entry:default@ProcessRouterMap post-execution cost:1 ms .
[2026-03-03T22:06:38.059] [DEBUG] debug-file - Update task entry:default@ProcessShareConfig input file:/Users/jinglun/repository/DevEcoStudioProjects/WorkflowCelia/entry/oh-package.json5 cache by regenerate.
[2026-03-03T22:06:38.059] [DEBUG] debug-file - Update task entry:default@ProcessShareConfig input file:/Users/jinglun/repository/DevEcoStudioProjects/WorkflowCelia/oh-package.json5 cache by regenerate.
[2026-03-03T22:06:38.059] [DEBUG] debug-file - Update task entry:default@ProcessShareConfig input file:/Users/jinglun/repository/DevEcoStudioProjects/WorkflowCelia/entry/src/main/module.json5 cache from map.
[2026-03-03T22:06:38.059] [DEBUG] debug-file - Update task entry:default@ProcessShareConfig input file:/Users/jinglun/repository/DevEcoStudioProjects/WorkflowCelia/entry/build/default/intermediates/loader/default/pkgContextInfo.json cache by regenerate.
[2026-03-03T22:06:38.059] [DEBUG] debug-file - Update task entry:default@ProcessShareConfig output file:/Users/jinglun/repository/DevEcoStudioProjects/WorkflowCelia/entry/build/default/intermediates/share_config/default/temp-share-config.json cache.
[2026-03-03T22:06:38.059] [DEBUG] debug-file - Incremental task entry:default@ProcessShareConfig post-execution cost:1 ms .
[2026-03-03T22:06:38.060] [DEBUG] debug-file - Update task entry:default@ProcessStartupConfig input file:/Users/jinglun/repository/DevEcoStudioProjects/WorkflowCelia/entry/build/default/intermediates/loader/default/pkgContextInfo.json cache by regenerate.
[2026-03-03T22:06:38.060] [DEBUG] debug-file - Update task entry:default@ProcessStartupConfig output file:/Users/jinglun/repository/DevEcoStudioProjects/WorkflowCelia/entry/build/default/intermediates/startup/default/startup_config.json cache.
[2026-03-03T22:06:38.060] [DEBUG] debug-file - Incremental task entry:default@ProcessStartupConfig post-execution cost:1 ms .
[2026-03-03T22:06:38.060] [DEBUG] debug-file - There is no need to refresh cache, since the incremental task entry:default@ProcessResource is up-to-date.
[2026-03-03T22:06:38.060] [DEBUG] debug-file - Update task entry:default@GenerateLoaderJson input file:/Users/jinglun/repository/DevEcoStudioProjects/WorkflowCelia/entry/src/mock/mock-config.json5 cache by regenerate.
[2026-03-03T22:06:38.060] [DEBUG] debug-file - Update task entry:default@GenerateLoaderJson input file:/Users/jinglun/repository/DevEcoStudioProjects/WorkflowCelia/entry/build/default/intermediates/loader/default/pkgContextInfo.json cache by regenerate.
[2026-03-03T22:06:38.060] [DEBUG] debug-file - Update task entry:default@GenerateLoaderJson input file:/Users/jinglun/repository/DevEcoStudioProjects/WorkflowCelia/entry/build/default/intermediates/router_map/default/temp-router-map.json cache from map.
[2026-03-03T22:06:38.060] [DEBUG] debug-file - Update task entry:default@GenerateLoaderJson output file:/Users/jinglun/repository/DevEcoStudioProjects/WorkflowCelia/entry/build/default/intermediates/loader/default/loader.json cache.
[2026-03-03T22:06:38.060] [DEBUG] debug-file - Incremental task entry:default@GenerateLoaderJson post-execution cost:1 ms .
[2026-03-03T22:06:38.060] [DEBUG] debug-file - There is no need to refresh cache, since the incremental task entry:default@ProcessLibs is up-to-date.
[2026-03-03T22:06:38.060] [DEBUG] debug-file - Update task entry:default@CompileResource input file:/Users/jinglun/repository/DevEcoStudioProjects/WorkflowCelia/entry/src/main/resources cache by regenerate.
[2026-03-03T22:06:38.060] [DEBUG] debug-file - Update task entry:default@CompileResource input file:/Users/jinglun/repository/DevEcoStudioProjects/WorkflowCelia/AppScope/resources cache by regenerate.
[2026-03-03T22:06:38.060] [DEBUG] debug-file - Update task entry:default@CompileResource input file:/Users/jinglun/repository/DevEcoStudioProjects/WorkflowCelia/entry/build/default/intermediates/process_profile/default/module.json cache from map.
[2026-03-03T22:06:38.060] [DEBUG] debug-file - Update task entry:default@CompileResource input file:/Users/jinglun/repository/DevEcoStudioProjects/WorkflowCelia/entry/build/default/intermediates/res/default/resConfig.json cache by regenerate.
[2026-03-03T22:06:38.060] [DEBUG] debug-file - Update task entry:default@CompileResource output file:/Users/jinglun/repository/DevEcoStudioProjects/WorkflowCelia/entry/build/default/intermediates/res/default cache.
[2026-03-03T22:06:38.061] [DEBUG] debug-file - Update task entry:default@CompileResource output file:/Users/jinglun/repository/DevEcoStudioProjects/WorkflowCelia/entry/build/default/generated/r/default/ResourceTable.h cache.
[2026-03-03T22:06:38.061] [DEBUG] debug-file - Update task entry:default@CompileResource output file:/Users/jinglun/repository/DevEcoStudioProjects/WorkflowCelia/entry/build/default/generated/r/default cache.
[2026-03-03T22:06:38.061] [DEBUG] debug-file - Incremental task entry:default@CompileResource post-execution cost:1 ms .
[2026-03-03T22:06:38.061] [DEBUG] debug-file - There is no need to refresh cache, since the incremental task entry:default@DoNativeStrip is up-to-date.
[2026-03-03T22:06:38.061] [DEBUG] debug-file - Update task entry:default@CompileArkTS input file:/Users/jinglun/repository/DevEcoStudioProjects/WorkflowCelia/entry/build/default/intermediates/loader/default cache by regenerate.
[2026-03-03T22:06:38.061] [DEBUG] debug-file - Update task entry:default@CompileArkTS input file:/Users/jinglun/repository/DevEcoStudioProjects/WorkflowCelia/entry/build/default/intermediates/res/default/ResourceTable.txt cache by regenerate.
[2026-03-03T22:06:38.061] [DEBUG] debug-file - Update task entry:default@CompileArkTS input file:/Users/jinglun/repository/DevEcoStudioProjects/WorkflowCelia/entry/build/default/intermediates/res/default/ark_module.json cache by regenerate.
[2026-03-03T22:06:38.061] [DEBUG] debug-file - Update task entry:default@CompileArkTS input file:/Users/jinglun/repository/DevEcoStudioProjects/WorkflowCelia/entry/build/default/intermediates/res/default/resources/base/profile cache by regenerate.
[2026-03-03T22:06:38.061] [DEBUG] debug-file - Update task entry:default@CompileArkTS input file:/Users/jinglun/repository/DevEcoStudioProjects/WorkflowCelia/entry/src/main/ets cache by regenerate.
[2026-03-03T22:06:38.061] [DEBUG] debug-file - Update task entry:default@CompileArkTS input file:/Users/jinglun/repository/DevEcoStudioProjects/WorkflowCelia/entry/build/default/intermediates/loader/default/pkgContextInfo.json cache by regenerate.
[2026-03-03T22:06:38.061] [DEBUG] debug-file - Update task entry:default@CompileArkTS input file:/Users/jinglun/repository/DevEcoStudioProjects/WorkflowCelia/entry/build/default/generated/profile/default/BuildProfile.ets cache by regenerate.
[2026-03-03T22:06:38.061] [DEBUG] debug-file - Update task entry:default@CompileArkTS input file:/Users/jinglun/repository/DevEcoStudioProjects/WorkflowCelia/entry/src/mock/mock-config.json5 cache by regenerate.
[2026-03-03T22:06:38.061] [DEBUG] debug-file - Update task entry:default@CompileArkTS output file:/Users/jinglun/repository/DevEcoStudioProjects/WorkflowCelia/entry/build/default/intermediates/loader_out/default/ets cache.
[2026-03-03T22:06:38.062] [DEBUG] debug-file - Incremental task entry:default@CompileArkTS post-execution cost:1 ms .
[2026-03-03T22:06:38.062] [DEBUG] debug-file - Update task entry:default@BuildJS input file:/Users/jinglun/repository/DevEcoStudioProjects/WorkflowCelia/entry/build/default/intermediates/loader/default cache by regenerate.
[2026-03-03T22:06:38.062] [DEBUG] debug-file - Update task entry:default@BuildJS input file:/Users/jinglun/repository/DevEcoStudioProjects/WorkflowCelia/entry/build/default/intermediates/res/default/ResourceTable.txt cache by regenerate.
[2026-03-03T22:06:38.062] [DEBUG] debug-file - Update task entry:default@BuildJS input file:/Users/jinglun/repository/DevEcoStudioProjects/WorkflowCelia/entry/build/default/intermediates/res/default/ark_module.json cache by regenerate.
[2026-03-03T22:06:38.062] [DEBUG] debug-file - Update task entry:default@BuildJS input file:/Users/jinglun/repository/DevEcoStudioProjects/WorkflowCelia/entry/build/default/intermediates/res/default/resources/base/profile cache by regenerate.
[2026-03-03T22:06:38.062] [DEBUG] debug-file - Update task entry:default@BuildJS input file:/Users/jinglun/repository/DevEcoStudioProjects/WorkflowCelia/entry/build/default/intermediates/loader/default/pkgContextInfo.json cache by regenerate.
[2026-03-03T22:06:38.062] [DEBUG] debug-file - Update task entry:default@BuildJS output file:/Users/jinglun/repository/DevEcoStudioProjects/WorkflowCelia/entry/build/default/intermediates/loader_out/default/js cache.
[2026-03-03T22:06:38.062] [DEBUG] debug-file - Incremental task entry:default@BuildJS post-execution cost:1 ms .
[2026-03-03T22:06:38.062] [DEBUG] debug-file - Update task entry:default@CacheNativeLibs input file:/Users/jinglun/repository/DevEcoStudioProjects/WorkflowCelia/entry/build/default/intermediates/stripped_native_libs/default cache by regenerate.
[2026-03-03T22:06:38.062] [DEBUG] debug-file - Update task entry:default@CacheNativeLibs input file:/Users/jinglun/repository/DevEcoStudioProjects/WorkflowCelia/entry/build/default/intermediates/libs/default cache by regenerate.
[2026-03-03T22:06:38.062] [DEBUG] debug-file - Update task entry:default@CacheNativeLibs output file:/Users/jinglun/repository/DevEcoStudioProjects/WorkflowCelia/entry/build/default/intermediates/patch/default/base_native_libs.json cache.
[2026-03-03T22:06:38.062] [DEBUG] debug-file - Incremental task entry:default@CacheNativeLibs post-execution cost:1 ms .
[2026-03-03T22:06:38.065] [DEBUG] debug-file - Cleanup worker 8.
[2026-03-03T22:06:38.065] [DEBUG] debug-file - Worker 8 has been cleaned up.
[2026-03-03T22:06:38.065] [DEBUG] debug-file - Current idle worker size: 1.
[2026-03-03T22:06:38.065] [DEBUG] debug-file - Current resident worker size: 2.
[2026-03-03T22:06:38.066] [DEBUG] debug-file - hvigor build process will be closed.
[2026-03-03T22:06:38.069] [DEBUG] debug-file - worker[8] exits with exit code 1.
[2026-03-03T22:06:38.070] [DEBUG] debug-file - session manager: send message to worker process.
[2026-03-03T22:06:38.070] [DEBUG] debug-file - session manager: send message to worker process.
[2026-03-03T22:06:38.070] [DEBUG] debug-file - watch worker: worker id should be larger than 0. Nothing will be sent to any worker thread.
[2026-03-03T22:06:38.070] [DEBUG] debug-file - watch worker: worker id should be larger than 0. Nothing will be sent to any worker thread.
[2026-03-03T22:08:47.716] [DEBUG] debug-file - session manager: set active socket. socketId=DI2u5uUQtGp2p88qAAAH
[2026-03-03T22:08:47.717] [DEBUG] debug-file - watch worker: worker id should be larger than 0. Nothing will be sent to any worker thread.
[2026-03-03T22:08:47.718] [DEBUG] debug-file - Workers' log level updated to INFO
[2026-03-03T22:08:47.719] [DEBUG] debug-file - Hvigor init with startParameters:{
  hvigorfileTypeCheck: false,
  parallelExecution: true,
  incrementalExecution: true,
  printStackTrace: false,
  daemon: true,
  analyze: 0,
  logLevel: Level { level: 20000, levelStr: 'INFO', colour: 'green' },
  optimizationStrategy: 'memory',
  hotCompile: undefined,
  hotReloadBuild: undefined,
  customizedParam: undefined
}
[2026-03-03T22:08:47.720] [DEBUG] debug-file - Cache service initialization finished in 2 ms 
[2026-03-03T22:08:47.720] [DEBUG] debug-file - hvigorfile, resolving /Users/jinglun/repository/DevEcoStudioProjects/WorkflowCelia/hvigorfile.ts
[2026-03-03T22:08:47.723] [DEBUG] debug-file - hvigorfile, require result:  { default: { plugins: [] } }
[2026-03-03T22:08:47.723] [DEBUG] debug-file - hvigorfile, binding system plugins null
[2026-03-03T22:08:47.723] [DEBUG] debug-file - Starting plugin build process
[2026-03-03T22:08:47.723] [DEBUG] debug-file - App plugin prepare start...
[2026-03-03T22:08:47.723] [DEBUG] debug-file - App plugin prepare end...
[2026-03-03T22:08:47.723] [DEBUG] debug-file - App plugin creating...
[2026-03-03T22:08:47.725] [DEBUG] debug-file - App plugin register hook start...
[2026-03-03T22:08:47.726] [DEBUG] debug-file - App plugin register hook end...
[2026-03-03T22:08:47.726] [DEBUG] debug-file - Plugin build process completed
[2026-03-03T22:08:47.726] [DEBUG] debug-file - Start initialize project's product build option map with build mode debug.
[2026-03-03T22:08:47.726] [DEBUG] debug-file - Picking option from product 'default' with build mode 'debug'.
[2026-03-03T22:08:47.726] [DEBUG] debug-file - Product 'default' build option initialized
[2026-03-03T22:08:47.726] [DEBUG] debug-file - End initialize project's product build option map with build mode 'debug'.
[2026-03-03T22:08:47.726] [DEBUG] debug-file - Obtain build option for product 'default'in this build.
[2026-03-03T22:08:47.728] [DEBUG] debug-file - /Users/jinglun/repository/DevEcoStudioProjects/WorkflowCelia/build/cache/default/remote_hsp/remoteHspCache.json not exists.
[2026-03-03T22:08:47.729] [DEBUG] debug-file - Start recording SDK configuration permission data.
[2026-03-03T22:08:47.741] [DEBUG] debug-file - Sdk init in 13 ms 
[2026-03-03T22:08:47.742] [DEBUG] debug-file - Project task initialization takes 1 ms 
[2026-03-03T22:08:47.742] [DEBUG] debug-file - hvigorfile, binding custom plugins []
[2026-03-03T22:08:47.742] [DEBUG] debug-file - hvigorfile, no custom plugins were found in /Users/jinglun/repository/DevEcoStudioProjects/WorkflowCelia/hvigorfile.ts
[2026-03-03T22:08:47.742] [DEBUG] debug-file - hvigorfile, resolve finished /Users/jinglun/repository/DevEcoStudioProjects/WorkflowCelia/hvigorfile.ts
[2026-03-03T22:08:47.742] [DEBUG] debug-file - hvigorfile, resolving /Users/jinglun/repository/DevEcoStudioProjects/WorkflowCelia/entry/hvigorfile.ts
[2026-03-03T22:08:47.743] [DEBUG] debug-file - hvigorfile, require result:  { default: { plugins: [] } }
[2026-03-03T22:08:47.743] [DEBUG] debug-file - hvigorfile, binding system plugins null
[2026-03-03T22:08:47.743] [DEBUG] debug-file - Starting plugin build process
[2026-03-03T22:08:47.743] [DEBUG] debug-file - Hap plugin creating...
[2026-03-03T22:08:47.743] [DEBUG] debug-file - failed to load cangjie to dynamically generate schemas: Error: Cannot find module '@ohos/cangjie-build-support/index'
Require stack:
- /Applications/DevEco-Studio.app/Contents/tools/hvigor/hvigor-ohos-plugin/src/plugin/hooks/cangjie-register.js
- /Applications/DevEco-Studio.app/Contents/tools/hvigor/hvigor-ohos-plugin/src/plugin/strategy/stage-init-strategy.js
- /Applications/DevEco-Studio.app/Contents/tools/hvigor/hvigor-ohos-plugin/src/plugin/builder/abstract-plugin-builder.js
- /Applications/DevEco-Studio.app/Contents/tools/hvigor/hvigor-ohos-plugin/src/plugin/builder/app-plugin-builder.js
- /Applications/DevEco-Studio.app/Contents/tools/hvigor/hvigor-ohos-plugin/src/plugin/factory/plugin-factory.js
- /Applications/DevEco-Studio.app/Contents/tools/hvigor/hvigor-ohos-plugin/index.js
- /Users/jinglun/repository/DevEcoStudioProjects/WorkflowCelia/hvigorfile.ts
- /Applications/DevEco-Studio.app/Contents/tools/hvigor/hvigor/src/base/internal/lifecycle/configuration.js
- /Applications/DevEco-Studio.app/Contents/tools/hvigor/hvigor/src/base/boot/index.js
- /Applications/DevEco-Studio.app/Contents/tools/hvigor/hvigor/src/base/daemon/cluster/worker-process-lifecycle.js
- /Applications/DevEco-Studio.app/Contents/tools/hvigor/hvigor/src/base/daemon/process/daemon-process-boot-script.js
[2026-03-03T22:08:47.744] [DEBUG] debug-file - Start initialize module-target build option map, moduleName=entry, buildMode=debug
[2026-03-03T22:08:47.744] [DEBUG] debug-file - Target 'default' config initialized
[2026-03-03T22:08:47.745] [DEBUG] debug-file - Target 'ohosTest' config initialized
[2026-03-03T22:08:47.745] [DEBUG] debug-file - Module 'entry' target 'default' build option initialized
[2026-03-03T22:08:47.745] [DEBUG] debug-file - Module 'entry' target 'ohosTest' build option initialized
[2026-03-03T22:08:47.745] [DEBUG] debug-file - End initialize module-target build option map, moduleName=entry
[2026-03-03T22:08:47.745] [DEBUG] debug-file - Start initialize module-target build option map, moduleName=entry, buildMode=release
[2026-03-03T22:08:47.745] [DEBUG] debug-file - Target 'default' config initialized
[2026-03-03T22:08:47.745] [DEBUG] debug-file - Target 'ohosTest' config initialized
[2026-03-03T22:08:47.745] [DEBUG] debug-file - Module 'entry' target 'default' build option initialized
[2026-03-03T22:08:47.745] [DEBUG] debug-file - Module 'entry' target 'ohosTest' build option initialized
[2026-03-03T22:08:47.745] [DEBUG] debug-file - End initialize module-target build option map, moduleName=entry
[2026-03-03T22:08:47.745] [DEBUG] debug-file - Start initialize module-target build option map, moduleName=entry, buildMode=debug
[2026-03-03T22:08:47.745] [DEBUG] debug-file - Target 'default' config initialized
[2026-03-03T22:08:47.745] [DEBUG] debug-file - Target 'ohosTest' config initialized
[2026-03-03T22:08:47.745] [DEBUG] debug-file - Module 'entry' target 'default' build option initialized
[2026-03-03T22:08:47.745] [DEBUG] debug-file - Module 'entry' target 'ohosTest' build option initialized
[2026-03-03T22:08:47.745] [DEBUG] debug-file - End initialize module-target build option map, moduleName=entry
[2026-03-03T22:08:47.745] [DEBUG] debug-file - Obtain build option for module 'entry' target 'default'in this build.
[2026-03-03T22:08:47.746] [DEBUG] debug-file - Module entry task initialization takes 1 ms 
[2026-03-03T22:08:47.746] [DEBUG] debug-file - Hap plugin register hook start...
[2026-03-03T22:08:47.746] [DEBUG] debug-file - Hap plugin register hook end...
[2026-03-03T22:08:47.746] [DEBUG] debug-file - Plugin build process completed
[2026-03-03T22:08:47.746] [DEBUG] debug-file - hvigorfile, binding custom plugins []
[2026-03-03T22:08:47.746] [DEBUG] debug-file - hvigorfile, no custom plugins were found in /Users/jinglun/repository/DevEcoStudioProjects/WorkflowCelia/entry/hvigorfile.ts
[2026-03-03T22:08:47.746] [DEBUG] debug-file - hvigorfile, resolve finished /Users/jinglun/repository/DevEcoStudioProjects/WorkflowCelia/entry/hvigorfile.ts
[2026-03-03T22:08:47.780] [DEBUG] debug-file - hvigorfile, resolve hvigorfile dependencies in 35 ms 
[2026-03-03T22:08:47.780] [DEBUG] debug-file - project has submodules:entry
[2026-03-03T22:08:47.781] [DEBUG] debug-file - start to load updatedOhPackageInfo to the disk
[2026-03-03T22:08:47.782] [DEBUG] debug-file - load to the disk finished
[2026-03-03T22:08:47.782] [DEBUG] debug-file - Start to initialize dependency information.
[2026-03-03T22:08:47.782] [DEBUG] debug-file - Module WorkflowCelia Collected Dependency: 
[2026-03-03T22:08:47.782] [DEBUG] debug-file - Module WorkflowCelia's total dependency: 0
[2026-03-03T22:08:47.782] [DEBUG] debug-file - Start to initialize dependency information.
[2026-03-03T22:08:47.782] [DEBUG] debug-file - Module entry Collected Dependency: 
[2026-03-03T22:08:47.783] [DEBUG] debug-file - Module entry's total dependency: 0
[2026-03-03T22:08:47.783] [DEBUG] debug-file - Configuration phase cost:63 ms 
[2026-03-03T22:08:47.783] [DEBUG] debug-file - Configuration task cost before running: 66 ms 
[2026-03-03T22:08:47.784] [DEBUG] debug-file - Executing task :entry:init
[2026-03-03T22:08:47.784] [DEBUG] debug-file - entry : init cost memory 0.01406097412109375
[2026-03-03T22:08:47.784] [DEBUG] debug-file - runTaskFromQueue task cost before running: 66 ms 
[2026-03-03T22:08:47.784] [INFO] debug-file - Finished :entry:init... after 1 ms 
[2026-03-03T22:08:47.784] [DEBUG] debug-file - Executing task ::init
[2026-03-03T22:08:47.784] [DEBUG] debug-file - WorkflowCelia : init cost memory 0.012847900390625
[2026-03-03T22:08:47.784] [DEBUG] debug-file - runTaskFromQueue task cost before running: 66 ms 
[2026-03-03T22:08:47.784] [INFO] debug-file - Finished ::init... after 1 ms 
[2026-03-03T22:08:47.784] [DEBUG] debug-file - Obtain build option for module 'entry' target 'default'in this build.
[2026-03-03T22:08:47.784] [DEBUG] debug-file - Obtain build option for module 'entry' target 'ohosTest'in this build.
[2026-03-03T22:08:47.785] [DEBUG] debug-file - hvigor build process will be closed.
[2026-03-03T22:08:47.805] [DEBUG] debug-file - session manager: send message to worker process.
[2026-03-03T22:08:47.805] [DEBUG] debug-file - session manager: send message to worker process.
[2026-03-03T22:08:47.806] [DEBUG] debug-file - watch worker: worker id should be larger than 0. Nothing will be sent to any worker thread.
[2026-03-03T22:08:47.806] [DEBUG] debug-file - watch worker: worker id should be larger than 0. Nothing will be sent to any worker thread.
[2026-03-03T22:09:11.175] [DEBUG] debug-file - session manager: set active socket. socketId=3bAMQ92z_OiM58jUAAAJ
[2026-03-03T22:09:11.176] [DEBUG] debug-file - watch worker: worker id should be larger than 0. Nothing will be sent to any worker thread.
[2026-03-03T22:09:11.177] [DEBUG] debug-file - Workers' log level updated to INFO
[2026-03-03T22:09:11.178] [DEBUG] debug-file - Hvigor init with startParameters:{
  hvigorfileTypeCheck: false,
  parallelExecution: true,
  incrementalExecution: true,
  printStackTrace: false,
  daemon: true,
  analyze: 0,
  logLevel: Level { level: 20000, levelStr: 'INFO', colour: 'green' },
  optimizationStrategy: 'memory',
  hotCompile: undefined,
  hotReloadBuild: undefined,
  customizedParam: undefined
}
[2026-03-03T22:09:11.179] [DEBUG] debug-file - Cache service initialization finished in 1 ms 
[2026-03-03T22:09:11.180] [DEBUG] debug-file - hvigorfile, resolving /Users/jinglun/repository/DevEcoStudioProjects/WorkflowCelia/hvigorfile.ts
[2026-03-03T22:09:11.183] [DEBUG] debug-file - hvigorfile, require result:  { default: { plugins: [] } }
[2026-03-03T22:09:11.183] [DEBUG] debug-file - hvigorfile, binding system plugins null
[2026-03-03T22:09:11.183] [DEBUG] debug-file - Starting plugin build process
[2026-03-03T22:09:11.183] [DEBUG] debug-file - App plugin prepare start...
[2026-03-03T22:09:11.184] [DEBUG] debug-file - App plugin prepare end...
[2026-03-03T22:09:11.184] [DEBUG] debug-file - App plugin creating...
[2026-03-03T22:09:11.186] [DEBUG] debug-file - App plugin register hook start...
[2026-03-03T22:09:11.186] [DEBUG] debug-file - App plugin register hook end...
[2026-03-03T22:09:11.186] [DEBUG] debug-file - Plugin build process completed
[2026-03-03T22:09:11.186] [DEBUG] debug-file - Start initialize project's product build option map with build mode debug.
[2026-03-03T22:09:11.186] [DEBUG] debug-file - Picking option from product 'default' with build mode 'debug'.
[2026-03-03T22:09:11.186] [DEBUG] debug-file - Product 'default' build option initialized
[2026-03-03T22:09:11.186] [DEBUG] debug-file - End initialize project's product build option map with build mode 'debug'.
[2026-03-03T22:09:11.187] [DEBUG] debug-file - Obtain build option for product 'default'in this build.
[2026-03-03T22:09:11.188] [DEBUG] debug-file - /Users/jinglun/repository/DevEcoStudioProjects/WorkflowCelia/build/cache/default/remote_hsp/remoteHspCache.json not exists.
[2026-03-03T22:09:11.189] [DEBUG] debug-file - Start recording SDK configuration permission data.
[2026-03-03T22:09:11.201] [DEBUG] debug-file - Sdk init in 13 ms 
[2026-03-03T22:09:11.202] [DEBUG] debug-file - Project task initialization takes 1 ms 
[2026-03-03T22:09:11.202] [DEBUG] debug-file - hvigorfile, binding custom plugins []
[2026-03-03T22:09:11.202] [DEBUG] debug-file - hvigorfile, no custom plugins were found in /Users/jinglun/repository/DevEcoStudioProjects/WorkflowCelia/hvigorfile.ts
[2026-03-03T22:09:11.202] [DEBUG] debug-file - hvigorfile, resolve finished /Users/jinglun/repository/DevEcoStudioProjects/WorkflowCelia/hvigorfile.ts
[2026-03-03T22:09:11.202] [DEBUG] debug-file - hvigorfile, resolving /Users/jinglun/repository/DevEcoStudioProjects/WorkflowCelia/entry/hvigorfile.ts
[2026-03-03T22:09:11.204] [DEBUG] debug-file - hvigorfile, require result:  { default: { plugins: [] } }
[2026-03-03T22:09:11.204] [DEBUG] debug-file - hvigorfile, binding system plugins null
[2026-03-03T22:09:11.204] [DEBUG] debug-file - Starting plugin build process
[2026-03-03T22:09:11.204] [DEBUG] debug-file - Hap plugin creating...
[2026-03-03T22:09:11.204] [DEBUG] debug-file - failed to load cangjie to dynamically generate schemas: Error: Cannot find module '@ohos/cangjie-build-support/index'
Require stack:
- /Applications/DevEco-Studio.app/Contents/tools/hvigor/hvigor-ohos-plugin/src/plugin/hooks/cangjie-register.js
- /Applications/DevEco-Studio.app/Contents/tools/hvigor/hvigor-ohos-plugin/src/plugin/strategy/stage-init-strategy.js
- /Applications/DevEco-Studio.app/Contents/tools/hvigor/hvigor-ohos-plugin/src/plugin/builder/abstract-plugin-builder.js
- /Applications/DevEco-Studio.app/Contents/tools/hvigor/hvigor-ohos-plugin/src/plugin/builder/app-plugin-builder.js
- /Applications/DevEco-Studio.app/Contents/tools/hvigor/hvigor-ohos-plugin/src/plugin/factory/plugin-factory.js
- /Applications/DevEco-Studio.app/Contents/tools/hvigor/hvigor-ohos-plugin/index.js
- /Users/jinglun/repository/DevEcoStudioProjects/WorkflowCelia/hvigorfile.ts
- /Applications/DevEco-Studio.app/Contents/tools/hvigor/hvigor/src/base/internal/lifecycle/configuration.js
- /Applications/DevEco-Studio.app/Contents/tools/hvigor/hvigor/src/base/boot/index.js
- /Applications/DevEco-Studio.app/Contents/tools/hvigor/hvigor/src/base/daemon/cluster/worker-process-lifecycle.js
- /Applications/DevEco-Studio.app/Contents/tools/hvigor/hvigor/src/base/daemon/process/daemon-process-boot-script.js
[2026-03-03T22:09:11.205] [DEBUG] debug-file - Start initialize module-target build option map, moduleName=entry, buildMode=debug
[2026-03-03T22:09:11.205] [DEBUG] debug-file - Target 'default' config initialized
[2026-03-03T22:09:11.205] [DEBUG] debug-file - Target 'ohosTest' config initialized
[2026-03-03T22:09:11.205] [DEBUG] debug-file - Module 'entry' target 'default' build option initialized
[2026-03-03T22:09:11.205] [DEBUG] debug-file - Module 'entry' target 'ohosTest' build option initialized
[2026-03-03T22:09:11.205] [DEBUG] debug-file - End initialize module-target build option map, moduleName=entry
[2026-03-03T22:09:11.205] [DEBUG] debug-file - Start initialize module-target build option map, moduleName=entry, buildMode=release
[2026-03-03T22:09:11.205] [DEBUG] debug-file - Target 'default' config initialized
[2026-03-03T22:09:11.205] [DEBUG] debug-file - Target 'ohosTest' config initialized
[2026-03-03T22:09:11.205] [DEBUG] debug-file - Module 'entry' target 'default' build option initialized
[2026-03-03T22:09:11.205] [DEBUG] debug-file - Module 'entry' target 'ohosTest' build option initialized
[2026-03-03T22:09:11.205] [DEBUG] debug-file - End initialize module-target build option map, moduleName=entry
[2026-03-03T22:09:11.205] [DEBUG] debug-file - Start initialize module-target build option map, moduleName=entry, buildMode=debug
[2026-03-03T22:09:11.205] [DEBUG] debug-file - Target 'default' config initialized
[2026-03-03T22:09:11.205] [DEBUG] debug-file - Target 'ohosTest' config initialized
[2026-03-03T22:09:11.205] [DEBUG] debug-file - Module 'entry' target 'default' build option initialized
[2026-03-03T22:09:11.206] [DEBUG] debug-file - Module 'entry' target 'ohosTest' build option initialized
[2026-03-03T22:09:11.206] [DEBUG] debug-file - End initialize module-target build option map, moduleName=entry
[2026-03-03T22:09:11.206] [DEBUG] debug-file - Obtain build option for module 'entry' target 'default'in this build.
[2026-03-03T22:09:11.206] [DEBUG] debug-file - Module entry task initialization takes 1 ms 
[2026-03-03T22:09:11.206] [DEBUG] debug-file - Hap plugin register hook start...
[2026-03-03T22:09:11.206] [DEBUG] debug-file - Hap plugin register hook end...
[2026-03-03T22:09:11.206] [DEBUG] debug-file - Plugin build process completed
[2026-03-03T22:09:11.206] [DEBUG] debug-file - hvigorfile, binding custom plugins []
[2026-03-03T22:09:11.206] [DEBUG] debug-file - hvigorfile, no custom plugins were found in /Users/jinglun/repository/DevEcoStudioProjects/WorkflowCelia/entry/hvigorfile.ts
[2026-03-03T22:09:11.206] [DEBUG] debug-file - hvigorfile, resolve finished /Users/jinglun/repository/DevEcoStudioProjects/WorkflowCelia/entry/hvigorfile.ts
[2026-03-03T22:09:11.236] [DEBUG] debug-file - hvigorfile, resolve hvigorfile dependencies in 31 ms 
[2026-03-03T22:09:11.236] [DEBUG] debug-file - project has submodules:entry
[2026-03-03T22:09:11.237] [DEBUG] debug-file - start to load updatedOhPackageInfo to the disk
[2026-03-03T22:09:11.238] [DEBUG] debug-file - load to the disk finished
[2026-03-03T22:09:11.238] [DEBUG] debug-file - Start to initialize dependency information.
[2026-03-03T22:09:11.238] [DEBUG] debug-file - Module WorkflowCelia Collected Dependency: 
[2026-03-03T22:09:11.238] [DEBUG] debug-file - Module WorkflowCelia's total dependency: 0
[2026-03-03T22:09:11.238] [DEBUG] debug-file - Start to initialize dependency information.
[2026-03-03T22:09:11.239] [DEBUG] debug-file - Module entry Collected Dependency: 
[2026-03-03T22:09:11.239] [DEBUG] debug-file - Module entry's total dependency: 0
[2026-03-03T22:09:11.239] [DEBUG] debug-file - Configuration phase cost:60 ms 
[2026-03-03T22:09:11.239] [DEBUG] debug-file - Configuration task cost before running: 63 ms 
[2026-03-03T22:09:11.240] [DEBUG] debug-file - Executing task :entry:default@PreBuild
[2026-03-03T22:09:11.241] [DEBUG] debug-file - Task 'entry:default@PreBuild' cost while wrapping incremental declarations: 1 ms 
[2026-03-03T22:09:11.242] [DEBUG] debug-file - entry:default@PreBuild is not up-to-date, since the input file '/Users/jinglun/repository/DevEcoStudioProjects/WorkflowCelia/entry/src/main/resources/base/profile/main_pages.json' has been changed.
[2026-03-03T22:09:11.242] [DEBUG] debug-file - Incremental task entry:default@PreBuild pre-execution cost: 1 ms .
[2026-03-03T22:09:11.248] [DEBUG] debug-file - current product is not Atomic service.
[2026-03-03T22:09:11.248] [DEBUG] debug-file - Use tool [darwin: JAVA_HOME, CLASSPATH]
 [
  {
    JAVA_HOME: '/Applications/DevEco-Studio.app/Contents/jbr/Contents/Home'
  },
  { CLASSPATH: undefined }
]
[2026-03-03T22:09:11.248] [DEBUG] debug-file - Use tool [darwin: NODE_HOME]
 [
  {
    NODE_HOME: '/Applications/DevEco-Studio.app/Contents/tools/node/bin'
  }
]
[2026-03-03T22:09:11.249] [DEBUG] debug-file - entry : default@PreBuild cost memory 1.4636001586914062
[2026-03-03T22:09:11.249] [DEBUG] debug-file - runTaskFromQueue task cost before running: 72 ms 
[2026-03-03T22:09:11.249] [INFO] debug-file - Finished :entry:default@PreBuild... after 9 ms 
[2026-03-03T22:09:11.249] [DEBUG] debug-file - Executing task :entry:default@CreateModuleInfo
[2026-03-03T22:09:11.249] [DEBUG] debug-file - Task 'entry:default@CreateModuleInfo' cost while wrapping incremental declarations: 1 ms 
[2026-03-03T22:09:11.249] [DEBUG] debug-file - entry : default@CreateModuleInfo cost memory 0.04029083251953125
[2026-03-03T22:09:11.249] [DEBUG] debug-file - runTaskFromQueue task cost before running: 72 ms 
[2026-03-03T22:09:11.249] [INFO] debug-file - Finished :entry:default@CreateModuleInfo... after 1 ms 
[2026-03-03T22:09:11.250] [DEBUG] debug-file - Executing task :entry:default@GenerateMetadata
[2026-03-03T22:09:11.250] [DEBUG] debug-file - Task 'entry:default@GenerateMetadata' cost while wrapping incremental declarations: 1 ms 
[2026-03-03T22:09:11.250] [DEBUG] debug-file - Incremental task entry:default@GenerateMetadata pre-execution cost: 1 ms .
[2026-03-03T22:09:11.250] [DEBUG] debug-file - entry : default@GenerateMetadata cost memory 0.07707977294921875
[2026-03-03T22:09:11.250] [INFO] debug-file - UP-TO-DATE :entry:default@GenerateMetadata...  
[2026-03-03T22:09:11.250] [DEBUG] debug-file - Executing task :entry:default@ConfigureCmake
[2026-03-03T22:09:11.250] [DEBUG] debug-file - entry : default@ConfigureCmake cost memory 0.0145416259765625
[2026-03-03T22:09:11.250] [DEBUG] debug-file - runTaskFromQueue task cost before running: 73 ms 
[2026-03-03T22:09:11.250] [INFO] debug-file - Finished :entry:default@ConfigureCmake... after 1 ms 
[2026-03-03T22:09:11.250] [DEBUG] debug-file - Executing task :entry:default@MergeProfile
[2026-03-03T22:09:11.250] [DEBUG] debug-file - Task 'entry:default@MergeProfile' cost while wrapping incremental declarations: 1 ms 
[2026-03-03T22:09:11.251] [DEBUG] debug-file - Incremental task entry:default@MergeProfile pre-execution cost: 1 ms .
[2026-03-03T22:09:11.251] [DEBUG] debug-file - entry : default@MergeProfile cost memory 0.11492919921875
[2026-03-03T22:09:11.251] [INFO] debug-file - UP-TO-DATE :entry:default@MergeProfile...  
[2026-03-03T22:09:11.251] [DEBUG] debug-file - Executing task :entry:default@CreateBuildProfile
[2026-03-03T22:09:11.251] [DEBUG] debug-file - Task 'entry:default@CreateBuildProfile' cost while wrapping incremental declarations: 1 ms 
[2026-03-03T22:09:11.251] [DEBUG] debug-file - Incremental task entry:default@CreateBuildProfile pre-execution cost: 1 ms .
[2026-03-03T22:09:11.251] [DEBUG] debug-file - entry : default@CreateBuildProfile cost memory 0.078125
[2026-03-03T22:09:11.251] [INFO] debug-file - UP-TO-DATE :entry:default@CreateBuildProfile...  
[2026-03-03T22:09:11.251] [DEBUG] debug-file - Executing task :entry:default@PreCheckSyscap
[2026-03-03T22:09:11.252] [DEBUG] debug-file - entry : default@PreCheckSyscap cost memory 0.01476287841796875
[2026-03-03T22:09:11.252] [DEBUG] debug-file - runTaskFromQueue task cost before running: 75 ms 
[2026-03-03T22:09:11.252] [INFO] debug-file - Finished :entry:default@PreCheckSyscap... after 1 ms 
[2026-03-03T22:09:11.252] [DEBUG] debug-file - Executing task :entry:default@GeneratePkgContextInfo
[2026-03-03T22:09:11.254] [DEBUG] debug-file - Task 'entry:default@GeneratePkgContextInfo' cost while wrapping incremental declarations: 1 ms 
[2026-03-03T22:09:11.254] [DEBUG] debug-file - Incremental task entry:default@GeneratePkgContextInfo pre-execution cost: 1 ms .
[2026-03-03T22:09:11.254] [DEBUG] debug-file - entry : default@GeneratePkgContextInfo cost memory -3.1144790649414062
[2026-03-03T22:09:11.254] [INFO] debug-file - UP-TO-DATE :entry:default@GeneratePkgContextInfo...  
[2026-03-03T22:09:11.254] [DEBUG] debug-file - Executing task :entry:default@ProcessIntegratedHsp
[2026-03-03T22:09:11.255] [DEBUG] debug-file - entry:default@ProcessIntegratedHsp is not up-to-date, since the output file '/Users/jinglun/repository/DevEcoStudioProjects/WorkflowCelia/build/cache/default/integrated_hsp/integratedHspCache.json' does not exist.
[2026-03-03T22:09:11.255] [DEBUG] debug-file - Incremental task entry:default@ProcessIntegratedHsp pre-execution cost: 1 ms .
[2026-03-03T22:09:11.255] [DEBUG] debug-file - entry : default@ProcessIntegratedHsp cost memory 0.05747222900390625
[2026-03-03T22:09:11.255] [DEBUG] debug-file - runTaskFromQueue task cost before running: 78 ms 
[2026-03-03T22:09:11.255] [INFO] debug-file - Finished :entry:default@ProcessIntegratedHsp... after 1 ms 
[2026-03-03T22:09:11.255] [DEBUG] debug-file - Executing task :entry:default@BuildNativeWithCmake
[2026-03-03T22:09:11.255] [DEBUG] debug-file - entry : default@BuildNativeWithCmake cost memory 0.0145416259765625
[2026-03-03T22:09:11.255] [DEBUG] debug-file - runTaskFromQueue task cost before running: 78 ms 
[2026-03-03T22:09:11.255] [INFO] debug-file - Finished :entry:default@BuildNativeWithCmake... after 1 ms 
[2026-03-03T22:09:11.255] [DEBUG] debug-file - Executing task :entry:default@MakePackInfo
[2026-03-03T22:09:11.255] [DEBUG] debug-file - Incremental task entry:default@MakePackInfo pre-execution cost: 1 ms .
[2026-03-03T22:09:11.255] [DEBUG] debug-file - entry : default@MakePackInfo cost memory 0.09320831298828125
[2026-03-03T22:09:11.255] [INFO] debug-file - UP-TO-DATE :entry:default@MakePackInfo...  
[2026-03-03T22:09:11.256] [DEBUG] debug-file - Executing task :entry:default@SyscapTransform
[2026-03-03T22:09:11.256] [DEBUG] debug-file - File: '/Users/jinglun/repository/DevEcoStudioProjects/WorkflowCelia/entry/src/main/syscap.json' from 'sysCapJsonPath' is not exists, just ignore.
[2026-03-03T22:09:11.256] [DEBUG] debug-file - Task 'entry:default@SyscapTransform' cost while wrapping incremental declarations: 1 ms 
[2026-03-03T22:09:11.256] [DEBUG] debug-file - entry:default@SyscapTransform is not up-to-date, since the output file '/Users/jinglun/repository/DevEcoStudioProjects/WorkflowCelia/entry/build/default/intermediates/syscap/default/rpcid.sc' does not exist.
[2026-03-03T22:09:11.256] [DEBUG] debug-file - Incremental task entry:default@SyscapTransform pre-execution cost: 1 ms .
[2026-03-03T22:09:11.256] [DEBUG] debug-file - entry : default@SyscapTransform cost memory 0.10729217529296875
[2026-03-03T22:09:11.256] [DEBUG] debug-file - runTaskFromQueue task cost before running: 79 ms 
[2026-03-03T22:09:11.256] [INFO] debug-file - Finished :entry:default@SyscapTransform... after 1 ms 
[2026-03-03T22:09:11.256] [DEBUG] debug-file - Executing task :entry:default@ProcessProfile
[2026-03-03T22:09:11.257] [DEBUG] debug-file - Task 'entry:default@ProcessProfile' cost while wrapping incremental declarations: 1 ms 
[2026-03-03T22:09:11.257] [DEBUG] debug-file - Incremental task entry:default@ProcessProfile pre-execution cost: 1 ms .
[2026-03-03T22:09:11.257] [DEBUG] debug-file - entry : default@ProcessProfile cost memory 0.12015533447265625
[2026-03-03T22:09:11.257] [INFO] debug-file - UP-TO-DATE :entry:default@ProcessProfile...  
[2026-03-03T22:09:11.257] [DEBUG] debug-file - Executing task :entry:default@ProcessRouterMap
[2026-03-03T22:09:11.257] [DEBUG] debug-file - Incremental task entry:default@ProcessRouterMap pre-execution cost: 1 ms .
[2026-03-03T22:09:11.258] [DEBUG] debug-file - entry : default@ProcessRouterMap cost memory 0.13233184814453125
[2026-03-03T22:09:11.258] [INFO] debug-file - UP-TO-DATE :entry:default@ProcessRouterMap...  
[2026-03-03T22:09:11.258] [DEBUG] debug-file - Executing task :entry:default@ProcessShareConfig
[2026-03-03T22:09:11.258] [DEBUG] debug-file - Incremental task entry:default@ProcessShareConfig pre-execution cost: 1 ms .
[2026-03-03T22:09:11.258] [DEBUG] debug-file - entry : default@ProcessShareConfig cost memory 0.1148223876953125
[2026-03-03T22:09:11.258] [INFO] debug-file - UP-TO-DATE :entry:default@ProcessShareConfig...  
[2026-03-03T22:09:11.258] [DEBUG] debug-file - Executing task :entry:default@ProcessStartupConfig
[2026-03-03T22:09:11.259] [DEBUG] debug-file - Task 'entry:default@ProcessStartupConfig' cost while wrapping incremental declarations: 1 ms 
[2026-03-03T22:09:11.259] [DEBUG] debug-file - entry:default@ProcessStartupConfig is not up-to-date, since the output file '/Users/jinglun/repository/DevEcoStudioProjects/WorkflowCelia/entry/build/default/intermediates/startup/default/startup_config.json' does not exist.
[2026-03-03T22:09:11.259] [DEBUG] debug-file - Incremental task entry:default@ProcessStartupConfig pre-execution cost: 1 ms .
[2026-03-03T22:09:11.259] [DEBUG] debug-file - entry : default@ProcessStartupConfig cost memory 0.1272430419921875
[2026-03-03T22:09:11.259] [DEBUG] debug-file - runTaskFromQueue task cost before running: 82 ms 
[2026-03-03T22:09:11.259] [INFO] debug-file - Finished :entry:default@ProcessStartupConfig... after 1 ms 
[2026-03-03T22:09:11.259] [DEBUG] debug-file - Executing task :entry:default@BuildNativeWithNinja
[2026-03-03T22:09:11.259] [DEBUG] debug-file - entry : default@BuildNativeWithNinja cost memory 0.0201873779296875
[2026-03-03T22:09:11.259] [DEBUG] debug-file - runTaskFromQueue task cost before running: 83 ms 
[2026-03-03T22:09:11.259] [INFO] debug-file - Finished :entry:default@BuildNativeWithNinja... after 1 ms 
[2026-03-03T22:09:11.260] [DEBUG] debug-file - restool module names: entry; moduleName=entry, taskName=default@ProcessResource
[2026-03-03T22:09:11.260] [DEBUG] debug-file - Executing task :entry:default@ProcessResource
[2026-03-03T22:09:11.260] [DEBUG] debug-file - Task 'entry:default@ProcessResource' cost while wrapping incremental declarations: 1 ms 
[2026-03-03T22:09:11.261] [DEBUG] debug-file - Incremental task entry:default@ProcessResource pre-execution cost: 1 ms .
[2026-03-03T22:09:11.261] [DEBUG] debug-file - entry : default@ProcessResource cost memory 0.11743927001953125
[2026-03-03T22:09:11.261] [INFO] debug-file - UP-TO-DATE :entry:default@ProcessResource...  
[2026-03-03T22:09:11.261] [DEBUG] debug-file - Executing task :entry:default@GenerateLoaderJson
[2026-03-03T22:09:11.261] [DEBUG] debug-file - Task 'entry:default@GenerateLoaderJson' cost while wrapping incremental declarations: 1 ms 
[2026-03-03T22:09:11.263] [DEBUG] debug-file - Incremental task entry:default@GenerateLoaderJson pre-execution cost: 1 ms .
[2026-03-03T22:09:11.263] [DEBUG] debug-file - entry : default@GenerateLoaderJson cost memory 0.45241546630859375
[2026-03-03T22:09:11.263] [INFO] debug-file - UP-TO-DATE :entry:default@GenerateLoaderJson...  
[2026-03-03T22:09:11.263] [DEBUG] debug-file - Executing task :entry:default@ProcessLibs
[2026-03-03T22:09:11.264] [DEBUG] debug-file - Incremental task entry:default@ProcessLibs pre-execution cost: 1 ms .
[2026-03-03T22:09:11.264] [DEBUG] debug-file - entry : default@ProcessLibs cost memory 0.08116912841796875
[2026-03-03T22:09:11.264] [INFO] debug-file - UP-TO-DATE :entry:default@ProcessLibs...  
[2026-03-03T22:09:11.264] [DEBUG] debug-file - restool module names: entry; moduleName=entry, taskName=default@CompileResource
[2026-03-03T22:09:11.264] [DEBUG] debug-file - Executing task :entry:default@CompileResource
[2026-03-03T22:09:11.265] [DEBUG] debug-file - entry:default@CompileResource is not up-to-date, since the input file '/Users/jinglun/repository/DevEcoStudioProjects/WorkflowCelia/entry/src/main/resources' has been changed.
[2026-03-03T22:09:11.265] [DEBUG] debug-file - Incremental task entry:default@CompileResource pre-execution cost: 1 ms .
[2026-03-03T22:09:11.284] [DEBUG] debug-file - Use tool [/Applications/DevEco-Studio.app/Contents/sdk/default/openharmony/toolchains/restool]
 [
  '/Applications/DevEco-Studio.app/Contents/sdk/default/openharmony/toolchains/restool',
  '-l',
  '/Users/jinglun/repository/DevEcoStudioProjects/WorkflowCelia/entry/build/default/intermediates/res/default/resConfig.json'
]
[2026-03-03T22:09:11.284] [DEBUG] debug-file - current process  memoryUsage: {
  rss: 597475328,
  heapTotal: 167608320,
  heapUsed: 120430320,
  external: 3464520,
  arrayBuffers: 1353171
} os memoryUsage :23.88385009765625
[2026-03-03T22:09:11.297] [DEBUG] debug-file - Info: Pack: normal pack mode

[2026-03-03T22:09:11.334] [DEBUG] debug-file - Info: hardware concurrency count is : 10
Info: thread count is : 10

[2026-03-03T22:09:11.334] [DEBUG] debug-file - Info: thread pool is started

[2026-03-03T22:09:11.335] [DEBUG] debug-file - Info: GenericCompiler::CompileFiles

[2026-03-03T22:09:11.337] [DEBUG] debug-file - Info: GenericCompiler::CompileFiles

[2026-03-03T22:09:11.337] [DEBUG] debug-file - Warning: '/Users/jinglun/repository/DevEcoStudioProjects/WorkflowCelia/entry/src/main/resources/base/media/background.png' is defined repeatedly.
Warning: '/Users/jinglun/repository/DevEcoStudioProjects/WorkflowCelia/entry/src/main/resources/base/media/foreground.png' is defined repeatedly.
Warning: '/Users/jinglun/repository/DevEcoStudioProjects/WorkflowCelia/entry/src/main/resources/base/media/layered_image.json' is defined repeatedly.

[2026-03-03T22:09:11.337] [DEBUG] debug-file - Info: GenericCompiler::CompileFiles

[2026-03-03T22:09:11.338] [DEBUG] debug-file - 03-03 22:09:11.338 61934 4543036 E C01400/ImageTranscoderUtils: DecodeToRGBA IN

[2026-03-03T22:09:11.339] [DEBUG] debug-file - 03-03 22:09:11.338 61934 4543036 E C01400/ImageTranscoderUtils: ImageFilter IN /Users/jinglun/repository/DevEcoStudioProjects/WorkflowCelia/AppScope/resources/base/media/background.png

[2026-03-03T22:09:11.361] [DEBUG] debug-file - 03-03 22:09:11.361 61934 4543036 E C01400/ImageTranscoderUtils: DecodeToRGBA IN
03-03 22:09:11.361 61934 4543036 E C01400/ImageTranscoderUtils: ImageFilter IN /Users/jinglun/repository/DevEcoStudioProjects/WorkflowCelia/AppScope/resources/base/media/foreground.png

[2026-03-03T22:09:11.374] [DEBUG] debug-file - Info: can't scale media json file.

[2026-03-03T22:09:11.375] [DEBUG] debug-file - Warning: The width or height of the png file referenced by the icon exceeds the limit (41 pixels)
at /Users/jinglun/repository/DevEcoStudioProjects/WorkflowCelia/AppScope/resources/base/media/background.png
Warning: The width or height of the png file referenced by the icon exceeds the limit (41 pixels)
at /Users/jinglun/repository/DevEcoStudioProjects/WorkflowCelia/AppScope/resources/base/media/foreground.png
Warning: /Users/jinglun/repository/DevEcoStudioProjects/WorkflowCelia/AppScope/resources/base/media/layered_image.json is not png format

[2026-03-03T22:09:11.375] [DEBUG] debug-file - Info: restool resources compile success.

[2026-03-03T22:09:11.375] [DEBUG] debug-file - Info: thread pool is stopped

[2026-03-03T22:09:11.377] [DEBUG] debug-file - entry : default@CompileResource cost memory -10.693832397460938
[2026-03-03T22:09:11.377] [DEBUG] debug-file - runTaskFromQueue task cost before running: 200 ms 
[2026-03-03T22:09:11.377] [INFO] debug-file - Finished :entry:default@CompileResource... after 114 ms 
[2026-03-03T22:09:11.378] [DEBUG] debug-file - Executing task :entry:default@DoNativeStrip
[2026-03-03T22:09:11.378] [DEBUG] debug-file - Task 'entry:default@DoNativeStrip' cost while wrapping incremental declarations: 1 ms 
[2026-03-03T22:09:11.378] [DEBUG] debug-file - Incremental task entry:default@DoNativeStrip pre-execution cost: 1 ms .
[2026-03-03T22:09:11.378] [DEBUG] debug-file - entry : default@DoNativeStrip cost memory 0.0685882568359375
[2026-03-03T22:09:11.378] [INFO] debug-file - UP-TO-DATE :entry:default@DoNativeStrip...  
[2026-03-03T22:09:11.379] [DEBUG] debug-file - Executing task :entry:default@CompileArkTS
[2026-03-03T22:09:11.379] [DEBUG] debug-file - obfuscationOptions: undefined
[2026-03-03T22:09:11.379] [DEBUG] debug-file - Task 'entry:default@CompileArkTS' cost while wrapping incremental declarations: 1 ms 
[2026-03-03T22:09:11.382] [DEBUG] debug-file - build config:
[2026-03-03T22:09:11.382] [DEBUG] debug-file - {
  moduleType: 'entry',
  perf: 0,
  targetName: '.default',
  packageManagerType: 'ohpm',
  localPropertiesPath: '/Users/jinglun/repository/DevEcoStudioProjects/WorkflowCelia/local.properties',
  isPreview: false,
  isOhosTest: false,
  isLocalTest: false,
  buildMode: 'Debug',
  hotReloadBuild: undefined,
  watchMode: 'false',
  aceProfilePath: '/Users/jinglun/repository/DevEcoStudioProjects/WorkflowCelia/entry/build/default/intermediates/res/default/resources/base/profile',
  etsLoaderPath: '/Applications/DevEco-Studio.app/Contents/sdk/default/openharmony/ets/build-tools/ets-loader',
  modulePath: '/Users/jinglun/repository/DevEcoStudioProjects/WorkflowCelia/entry',
  testFrameworkPar: {
    testMode: undefined,
    coveragePathFilter: undefined,
    coverageMode: undefined
  },
  needCoverageInsert: false,
  debugLine: false,
  projectTopDir: '/Users/jinglun/repository/DevEcoStudioProjects/WorkflowCelia',
  compileSdkVersion: 22,
  compatibleSdkVersion: 21,
  originCompatibleSdkVersion: '6.0.1(21)',
  compatibleSdkVersionStage: undefined,
  bundleName: 'c***a',
  etsLoaderVersion: '6.0.2.130',
  etsLoaderReleaseType: 'Release',
  aotCompileMode: 'type',
  apPath: '/Users/jinglun/repository/DevEcoStudioProjects/WorkflowCelia/entry/modules.ap',
  entryModuleName: 'entry',
  entryModuleVersion: '1.0.0',
  entryPackageName: 'entry',
  allModuleNameHash: 'c12195e25be9168a05dd89f6e36f2518edbf2a9a286c7a3cde74a3d243c8473f',
  externalApiPaths: [ '/Applications/DevEco-Studio.app/Contents/sdk/default/hms/ets' ],
  compilerTypes: [],
  isCrossplatform: false,
  hvigorPluginFile: undefined,
  compilePluginPath: undefined,
  buildGeneratedProfilePath: '/Users/jinglun/repository/DevEcoStudioProjects/WorkflowCelia/entry/build/default/generated/profile/default',
  bundleType: 'app',
  arkTSVersion: undefined,
  apiVersion: 22,
  needCompleteSourcesMap: false,
  isFaMode: false,
  buildDir: '/Users/jinglun/repository/DevEcoStudioProjects/WorkflowCelia/entry/build',
  deviceTypes: [ 'phone' ],
  pkgContextInfo: {
    '@ohos/hypium': {
      packageName: '@ohos/hypium',
      bundleName: '*****',
      moduleName: '',
      version: '1.0.25',
      entryPath: 'index.js',
      isSO: false,
      dependencyAlias: ''
    },
    '@ohos/hamock': {
      packageName: '@ohos/hamock',
      bundleName: '*****',
      moduleName: '',
      version: '1.0.0',
      entryPath: 'index.ets',
      isSO: false,
      dependencyAlias: ''
    },
    entry: {
      packageName: 'entry',
      bundleName: '*****',
      moduleName: '',
      version: '',
      entryPath: 'src/main/',
      isSO: false,
      dependencyAlias: ''
    }
  },
  ohPackagePathMap: {},
  dependencyAliasMap: {},
  permission: {
    requestPermissions: [ [Object], [Object] ],
    definePermissions: undefined
  },
  useGetCurrentBundleName: false,
  projectArkOption: undefined,
  sourceMapDir: undefined,
  branchElimination: false,
  transformLib: undefined,
  tsImportSendable: false,
  resolveConflictMode: true,
  depName2RootPath: {},
  depName2DepInfo: {},
  rootPathSet: [ '/Users/jinglun/repository/DevEcoStudioProjects/WorkflowCelia' ],
  useNativeResolver: true,
  shouldEmitJs: true,
  useTscResolve: false,
  singleFileEmit: false,
  userProjectConfig: {
    autoLazyImport: false,
    allowEmptyBundleName: false,
    reExportCheckMode: 'noCheck',
    executionMode: 'memory',
    usePathPlaceholder: false,
    writeRollupCache: true,
    isExpandImportEnabled: false,
    expandImportExclude: '',
    lazyImportExclude: '',
    lazyImportInclude: '',
    ignoreCrossplatformCheck: false,
    isHarDeduplicateEnabled: false,
    skipOhModulesLint: false,
    enableStrictCheckOHModule: false,
    disableSendableCheckRules: [],
    useDeclarationFileSignature: false,
    customizedOptions: undefined,
    integratedHsp: false,
    isPreloadSoEnabled: false
  },
  executionMode: 'memory',
  arkCompileCachePath: '/Users/jinglun/repository/DevEcoStudioProjects/WorkflowCelia/entry/build/default/cache/default/default@CompileArkTS/esmodule',
  autoLazyFilter: undefined,
  isHarDeduplicateEnabled: false,
  intermediateHarDuplicateDirPath: '/Users/jinglun/repository/DevEcoStudioProjects/WorkflowCelia/entry/build/default/intermediates/har_duplicate/default',
  autoLazyImport: false,
  allowEmptyBundleName: false,
  reExportCheckMode: 'noCheck',
  usePathPlaceholder: false,
  writeRollupCache: true,
  isExpandImportEnabled: false,
  expandImportExclude: '',
  lazyImportExclude: '',
  lazyImportInclude: '',
  ignoreCrossplatformCheck: false,
  skipOhModulesLint: false,
  enableStrictCheckOHModule: false,
  disableSendableCheckRules: [],
  useDeclarationFileSignature: false,
  customizedOptions: undefined,
  integratedHsp: false,
  isPreloadSoEnabled: false,
  strictMode: {
    caseSensitiveCheck: true,
    useNormalizedOHMUrl: true,
    noExternalImportByPath: true
  },
  useNormalizedOHMUrl: true,
  caseSensitiveCheck: true,
  aceModuleJsonPath: '/Users/jinglun/repository/DevEcoStudioProjects/WorkflowCelia/entry/build/default/intermediates/res/default/ark_module.json',
  appResource: '/Users/jinglun/repository/DevEcoStudioProjects/WorkflowCelia/entry/build/default/intermediates/res/default/ResourceTable.txt',
  rawFileResource: '/Users/jinglun/repository/DevEcoStudioProjects/WorkflowCelia/entry/build/default/intermediates/res/default/resources/rawfile',
  resourceTableHash: '21682bcc9e60207aebf25296efe851f5442bdf4f240ee6cd825adec9b5dd57e6',
  runtimeOS: 'HarmonyOS',
  sdkInfo: 'false:22:6.0.2.130:Release',
  aceModuleRoot: '/Users/jinglun/repository/DevEcoStudioProjects/WorkflowCelia/entry/src/main/ets',
  compileMode: 'esmodule',
  aceSuperVisualPath: '/Users/jinglun/repository/DevEcoStudioProjects/WorkflowCelia/entry/src/main/supervisual',
  aceBuildJson: '/Users/jinglun/repository/DevEcoStudioProjects/WorkflowCelia/entry/build/default/intermediates/loader/default/loader.json',
  cachePath: '/Users/jinglun/repository/DevEcoStudioProjects/WorkflowCelia/entry/build/default/cache/default/default@CompileArkTS/esmodule/debug',
  aceModuleBuild: '/Users/jinglun/repository/DevEcoStudioProjects/WorkflowCelia/entry/build/default/intermediates/loader_out/default/ets',
  supportChunks: true,
  declaredFilesPath: undefined,
  shouldCollectDirectImportees: false,
  isByteCodeHarOptimize: false,
  expandImportPath: undefined,
  pkgNameToPkgBriefInfo: {
    entry: {
      pkgRoot: '/Users/jinglun/repository/DevEcoStudioProjects/WorkflowCelia/entry',
      originalSourceRoots: undefined,
      sourceRoots: [Array],
      pkgName: 'entry'
    }
  },
  projectModel: {
    '/Users/jinglun/repository/DevEcoStudioProjects/WorkflowCelia/entry/src/main': {
      moduleName: 'entry',
      modulePkgPath: '/Users/jinglun/repository/DevEcoStudioProjects/WorkflowCelia/entry',
      belongProjectPath: '/Users/jinglun/repository/DevEcoStudioProjects/WorkflowCelia'
    },
    '/Users/jinglun/repository/DevEcoStudioProjects/WorkflowCelia/entry/build/default/intermediates/src/ohosTest/ets': {
      moduleName: 'entry_test',
      modulePkgPath: '/Users/jinglun/repository/DevEcoStudioProjects/WorkflowCelia/entry',
      belongProjectPath: '/Users/jinglun/repository/DevEcoStudioProjects/WorkflowCelia'
    },
    '/Users/jinglun/repository/DevEcoStudioProjects/WorkflowCelia/entry/src/ohosTest': {
      moduleName: 'entry_test',
      modulePkgPath: '/Users/jinglun/repository/DevEcoStudioProjects/WorkflowCelia/entry',
      belongProjectPath: '/Users/jinglun/repository/DevEcoStudioProjects/WorkflowCelia'
    },
    '/Users/jinglun/repository/DevEcoStudioProjects/WorkflowCelia/entry': {
      moduleName: 'entry',
      modulePkgPath: '/Users/jinglun/repository/DevEcoStudioProjects/WorkflowCelia/entry',
      belongProjectPath: '/Users/jinglun/repository/DevEcoStudioProjects/WorkflowCelia'
    },
    '/Users/jinglun/repository/DevEcoStudioProjects/WorkflowCelia': {
      moduleName: 'WorkflowCelia',
      modulePkgPath: '/Users/jinglun/repository/DevEcoStudioProjects/WorkflowCelia',
      belongProjectPath: '/Users/jinglun/repository/DevEcoStudioProjects/WorkflowCelia'
    }
  },
  pkgJsonFileHash: '3bfaa91bc0f8265817f78c5f4db375b3d4306dd31bcb81c7205475f8a36209bc',
  allModulePaths: [
    '/Users/jinglun/repository/DevEcoStudioProjects/WorkflowCelia/entry'
  ],
  routerMap: {},
  obfuscationOptions: undefined,
  byteCodeHarToDependencyKeys: undefined,
  compileBlockPkg: [],
  mockParams: {
    decorator: '@MockSetup',
    packageName: '@ohos/hamock',
    etsSourceRootPath: 'src/main/ets',
    mockConfigPath: '/Users/jinglun/repository/DevEcoStudioProjects/WorkflowCelia/entry/src/mock/mock-config.json5',
    mockConfigKey2ModuleInfo: {},
    source2ModuleIdMap: {}
  },
  copyCodeResourceEnable: false,
  copyCodeResourceExcludes: [],
  copyCodeResourceIncludes: undefined,
  uiTransformOptimization: false,
  sdkPath: '/Applications/DevEco-Studio.app/Contents/sdk',
  needPreloadSoFileSet: {},
  preloadSoFilePath: '/Users/jinglun/repository/DevEcoStudioProjects/WorkflowCelia/entry/build/default/intermediates/preload/default/preload.json',
  useSourceHash: false,
  localModuleParamMap: {},
  otherPaths: {
    'entry/*': [ '../*', '../../../build/default/generated/profile/default/*' ]
  },
  collectImportersConfig: undefined
}
[2026-03-03T22:09:11.382] [DEBUG] debug-file - Compile arkts with external api path: /Applications/DevEco-Studio.app/Contents/sdk/default/hms/ets
[2026-03-03T22:09:11.382] [DEBUG] debug-file - default@CompileArkTS work[2] is submitted.
[2026-03-03T22:09:11.382] [DEBUG] debug-file - default@CompileArkTS work[2] is pushed to ready queue.
[2026-03-03T22:09:11.382] [DEBUG] debug-file - A work dispatched to worker[9] failed because unable to get work from ready queue.
[2026-03-03T22:09:11.382] [DEBUG] debug-file - A work dispatched to worker[8] failed because unable to get work from ready queue.
[2026-03-03T22:09:11.382] [DEBUG] debug-file - A work dispatched to worker[7] failed because unable to get work from ready queue.
[2026-03-03T22:09:11.382] [DEBUG] debug-file - A work dispatched to worker[6] failed because unable to get work from ready queue.
[2026-03-03T22:09:11.382] [DEBUG] debug-file - A work dispatched to worker[5] failed because unable to get work from ready queue.
[2026-03-03T22:09:11.382] [DEBUG] debug-file - default@CompileArkTS work[2] has been dispatched to worker[4].
[2026-03-03T22:09:11.382] [DEBUG] debug-file - default@CompileArkTS work[2] is dispatched.
[2026-03-03T22:09:11.382] [DEBUG] debug-file - entry : default@CompileArkTS cost memory 1.0506668090820312
[2026-03-03T22:09:11.383] [DEBUG] debug-file - Executing task :entry:default@BuildJS
[2026-03-03T22:09:11.383] [DEBUG] debug-file - Task 'entry:default@BuildJS' cost while wrapping incremental declarations: 1 ms 
[2026-03-03T22:09:11.383] [DEBUG] debug-file - entry : default@BuildJS cost memory 0.1320343017578125
[2026-03-03T22:09:11.383] [DEBUG] debug-file - runTaskFromQueue task cost before running: 206 ms 
[2026-03-03T22:09:11.383] [INFO] debug-file - Finished :entry:default@BuildJS... after 1 ms 
[2026-03-03T22:09:11.383] [DEBUG] debug-file - Executing task :entry:default@CacheNativeLibs
[2026-03-03T22:09:11.383] [DEBUG] debug-file - Task 'entry:default@CacheNativeLibs' cost while wrapping incremental declarations: 1 ms 
[2026-03-03T22:09:11.384] [DEBUG] debug-file - Incremental task entry:default@CacheNativeLibs pre-execution cost: 1 ms .
[2026-03-03T22:09:11.384] [DEBUG] debug-file - entry : default@CacheNativeLibs cost memory 0.07033538818359375
[2026-03-03T22:09:11.384] [INFO] debug-file - UP-TO-DATE :entry:default@CacheNativeLibs...  
[2026-03-03T22:09:11.666] [DEBUG] debug-file - worker[4] has one work error.
[2026-03-03T22:09:11.667] [DEBUG] debug-file - default@CompileArkTS work[2] failed.
[2026-03-03T22:09:11.667] [DEBUG] debug-file - Ark compile task finished.finished time is 887740235314250
[2026-03-03T22:09:11.667] [ERROR] debug-file - Failed :entry:default@CompileArkTS... 
[2026-03-03T22:09:11.667] [WARN] debug-file - 
[33m1 WARN: [33m[33mArkTS:WARN File: /Users/jinglun/repository/DevEcoStudioProjects/WorkflowCelia/entry/src/main/ets/abilityprovider/localprovider/abilityhandler/CalendarHandler.ts:47:34
 Function may throw exceptions. Special handling is required.
[39m[39m
[2026-03-03T22:09:11.667] [DEBUG] debug-file - hvigor build process will be closed with an error.
[2026-03-03T22:09:11.667] [DEBUG] debug-file - ERROR: stacktrace = Error: Could not resolve "../core" from "entry/src/main/ets/abilityprovider/GeneralAbilityManager.ts"
[31m1 ERROR: [31m10505001 ArkTS Compiler Error
Error Message: Cannot find module 'ability_link' or its corresponding type declarations. At File: /Users/jinglun/repository/DevEcoStudioProjects/WorkflowCelia/entry/src/main/ets/abilityprovider/localprovider/abilityhandler/AbsAbilityHandler.ts:1:30
[39m
[39m
[31m2 ERROR: [31m10505001 ArkTS Compiler Error
Error Message: Cannot find module 'ability_link/src/main/ets/utils/Logger' or its corresponding type declarations. At File: /Users/jinglun/repository/DevEcoStudioProjects/WorkflowCelia/entry/src/main/ets/abilityprovider/localprovider/abilityhandler/CalendarHandler.ts:5:24
[39m
[39m
[31m3 ERROR: [31m10505001 ArkTS Compiler Error
Error Message: Cannot find module '../core' or its corresponding type declarations. At File: /Users/jinglun/repository/DevEcoStudioProjects/WorkflowCelia/entry/src/main/ets/abilityprovider/GeneralAbilityManager.ts:1:24
[39m
[39m
[31mCOMPILE RESULT:FAIL {ERROR:4 WARN:1}[39m
    at runArkPack (/Applications/DevEco-Studio.app/Contents/tools/hvigor/hvigor-ohos-plugin/node_modules/@ohos/hvigor-arkts-compose/dist/src/arkts-pack.js:1:5736)
RollupError: Could not resolve "../core" from "entry/src/main/ets/abilityprovider/GeneralAbilityManager.ts"
    at error (/Applications/DevEco-Studio.app/Contents/tools/hvigor/hvigor-ohos-plugin/node_modules/@ohos/hvigor-arkts-base/node_modules/rollup/dist/shared/rollup.js:215:30)
    at ModuleLoader.handleInvalidResolvedId (/Applications/DevEco-Studio.app/Contents/tools/hvigor/hvigor-ohos-plugin/node_modules/@ohos/hvigor-arkts-base/node_modules/rollup/dist/shared/rollup.js:27148:24)
    at /Applications/DevEco-Studio.app/Contents/tools/hvigor/hvigor-ohos-plugin/node_modules/@ohos/hvigor-arkts-base/node_modules/rollup/dist/shared/rollup.js:27110:28
[2026-03-03T22:09:11.667] [ERROR] debug-file - Error: Could not resolve "../core" from "entry/src/main/ets/abilityprovider/GeneralAbilityManager.ts"
[31m1 ERROR: [31m10505001 ArkTS Compiler Error
Error Message: Cannot find module 'ability_link' or its corresponding type declarations. At File: /Users/jinglun/repository/DevEcoStudioProjects/WorkflowCelia/entry/src/main/ets/abilityprovider/localprovider/abilityhandler/AbsAbilityHandler.ts:1:30
[39m
[39m
[31m2 ERROR: [31m10505001 ArkTS Compiler Error
Error Message: Cannot find module 'ability_link/src/main/ets/utils/Logger' or its corresponding type declarations. At File: /Users/jinglun/repository/DevEcoStudioProjects/WorkflowCelia/entry/src/main/ets/abilityprovider/localprovider/abilityhandler/CalendarHandler.ts:5:24
[39m
[39m
[31m3 ERROR: [31m10505001 ArkTS Compiler Error
Error Message: Cannot find module '../core' or its corresponding type declarations. At File: /Users/jinglun/repository/DevEcoStudioProjects/WorkflowCelia/entry/src/main/ets/abilityprovider/GeneralAbilityManager.ts:1:24
[39m
[39m
[31mCOMPILE RESULT:FAIL {ERROR:4 WARN:1}[39m
    at runArkPack (/Applications/DevEco-Studio.app/Contents/tools/hvigor/hvigor-ohos-plugin/node_modules/@ohos/hvigor-arkts-compose/dist/src/arkts-pack.js:1:5736)
RollupError: Could not resolve "../core" from "entry/src/main/ets/abilityprovider/GeneralAbilityManager.ts"
    at error (/Applications/DevEco-Studio.app/Contents/tools/hvigor/hvigor-ohos-plugin/node_modules/@ohos/hvigor-arkts-base/node_modules/rollup/dist/shared/rollup.js:215:30)
    at ModuleLoader.handleInvalidResolvedId (/Applications/DevEco-Studio.app/Contents/tools/hvigor/hvigor-ohos-plugin/node_modules/@ohos/hvigor-arkts-base/node_modules/rollup/dist/shared/rollup.js:27148:24)
    at /Applications/DevEco-Studio.app/Contents/tools/hvigor/hvigor-ohos-plugin/node_modules/@ohos/hvigor-arkts-base/node_modules/rollup/dist/shared/rollup.js:27110:28
[2026-03-03T22:09:11.668] [ERROR] debug-file - BUILD FAILED in 491 ms 
[2026-03-03T22:09:11.668] [DEBUG] debug-file - Update task entry:default@PreBuild input file:/Users/jinglun/repository/DevEcoStudioProjects/WorkflowCelia/AppScope/app.json5 cache by regenerate.
[2026-03-03T22:09:11.668] [DEBUG] debug-file - Update task entry:default@PreBuild input file:/Users/jinglun/repository/DevEcoStudioProjects/WorkflowCelia/entry/src/main/module.json5 cache by regenerate.
[2026-03-03T22:09:11.668] [DEBUG] debug-file - Update task entry:default@PreBuild input file:/Users/jinglun/repository/DevEcoStudioProjects/WorkflowCelia/build-profile.json5 cache by regenerate.
[2026-03-03T22:09:11.668] [DEBUG] debug-file - Update task entry:default@PreBuild input file:/Users/jinglun/repository/DevEcoStudioProjects/WorkflowCelia/entry/build-profile.json5 cache by regenerate.
[2026-03-03T22:09:11.668] [DEBUG] debug-file - Update task entry:default@PreBuild input file:/Users/jinglun/repository/DevEcoStudioProjects/WorkflowCelia/entry/src/main/resources/base/profile/main_pages.json cache from map.
[2026-03-03T22:09:11.668] [DEBUG] debug-file - Update task entry:default@PreBuild input file:/Users/jinglun/repository/DevEcoStudioProjects/WorkflowCelia/hvigor/hvigor-config.json5 cache by regenerate.
[2026-03-03T22:09:11.668] [DEBUG] debug-file - Update task entry:default@PreBuild input file:/Users/jinglun/repository/DevEcoStudioProjects/WorkflowCelia/entry/src/mock/mock-config.json5 cache by regenerate.
[2026-03-03T22:09:11.668] [DEBUG] debug-file - Update task entry:default@PreBuild input file:/Users/jinglun/repository/DevEcoStudioProjects/WorkflowCelia/entry/oh-package.json5 cache by regenerate.
[2026-03-03T22:09:11.668] [DEBUG] debug-file - Update task entry:default@PreBuild input file:/Users/jinglun/repository/DevEcoStudioProjects/WorkflowCelia/oh-package.json5 cache by regenerate.
[2026-03-03T22:09:11.668] [DEBUG] debug-file - Incremental task entry:default@PreBuild post-execution cost:1 ms .
[2026-03-03T22:09:11.668] [DEBUG] debug-file - Update task entry:default@CreateModuleInfo output file:/Users/jinglun/repository/DevEcoStudioProjects/WorkflowCelia/entry/build/default/generated/profile/default/ModuleInfo.ts cache.
[2026-03-03T22:09:11.668] [DEBUG] debug-file - Incremental task entry:default@CreateModuleInfo post-execution cost:1 ms .
[2026-03-03T22:09:11.668] [DEBUG] debug-file - There is no need to refresh cache, since the incremental task entry:default@GenerateMetadata is up-to-date.
[2026-03-03T22:09:11.668] [DEBUG] debug-file - There is no need to refresh cache, since the incremental task entry:default@MergeProfile is up-to-date.
[2026-03-03T22:09:11.668] [DEBUG] debug-file - There is no need to refresh cache, since the incremental task entry:default@CreateBuildProfile is up-to-date.
[2026-03-03T22:09:11.668] [DEBUG] debug-file - There is no need to refresh cache, since the incremental task entry:default@GeneratePkgContextInfo is up-to-date.
[2026-03-03T22:09:11.668] [DEBUG] debug-file - Update task entry:default@ProcessIntegratedHsp output file:/Users/jinglun/repository/DevEcoStudioProjects/WorkflowCelia/build/cache/default/integrated_hsp/integratedHspCache.json cache.
[2026-03-03T22:09:11.668] [DEBUG] debug-file - Incremental task entry:default@ProcessIntegratedHsp post-execution cost:1 ms .
[2026-03-03T22:09:11.668] [DEBUG] debug-file - There is no need to refresh cache, since the incremental task entry:default@MakePackInfo is up-to-date.
[2026-03-03T22:09:11.668] [DEBUG] debug-file - Update task entry:default@SyscapTransform input file:/Applications/DevEco-Studio.app/Contents/sdk/default/openharmony/toolchains/syscap_tool cache by regenerate.
[2026-03-03T22:09:11.668] [DEBUG] debug-file - Update task entry:default@SyscapTransform input file:/Applications/DevEco-Studio.app/Contents/sdk/default/openharmony/ets/api/device-define cache by regenerate.
[2026-03-03T22:09:11.668] [DEBUG] debug-file - Update task entry:default@SyscapTransform output file:/Users/jinglun/repository/DevEcoStudioProjects/WorkflowCelia/entry/build/default/intermediates/syscap/default/rpcid.sc cache.
[2026-03-03T22:09:11.668] [DEBUG] debug-file - Incremental task entry:default@SyscapTransform post-execution cost:1 ms .
[2026-03-03T22:09:11.668] [DEBUG] debug-file - There is no need to refresh cache, since the incremental task entry:default@ProcessProfile is up-to-date.
[2026-03-03T22:09:11.668] [DEBUG] debug-file - There is no need to refresh cache, since the incremental task entry:default@ProcessRouterMap is up-to-date.
[2026-03-03T22:09:11.669] [DEBUG] debug-file - There is no need to refresh cache, since the incremental task entry:default@ProcessShareConfig is up-to-date.
[2026-03-03T22:09:11.669] [DEBUG] debug-file - Update task entry:default@ProcessStartupConfig input file:/Users/jinglun/repository/DevEcoStudioProjects/WorkflowCelia/entry/build/default/intermediates/loader/default/pkgContextInfo.json cache by regenerate.
[2026-03-03T22:09:11.669] [DEBUG] debug-file - Update task entry:default@ProcessStartupConfig output file:/Users/jinglun/repository/DevEcoStudioProjects/WorkflowCelia/entry/build/default/intermediates/startup/default/startup_config.json cache.
[2026-03-03T22:09:11.669] [DEBUG] debug-file - Incremental task entry:default@ProcessStartupConfig post-execution cost:1 ms .
[2026-03-03T22:09:11.669] [DEBUG] debug-file - There is no need to refresh cache, since the incremental task entry:default@ProcessResource is up-to-date.
[2026-03-03T22:09:11.669] [DEBUG] debug-file - There is no need to refresh cache, since the incremental task entry:default@GenerateLoaderJson is up-to-date.
[2026-03-03T22:09:11.669] [DEBUG] debug-file - There is no need to refresh cache, since the incremental task entry:default@ProcessLibs is up-to-date.
[2026-03-03T22:09:11.669] [DEBUG] debug-file - Update task entry:default@CompileResource input file:/Users/jinglun/repository/DevEcoStudioProjects/WorkflowCelia/entry/src/main/resources cache from map.
[2026-03-03T22:09:11.669] [DEBUG] debug-file - Update task entry:default@CompileResource input file:/Users/jinglun/repository/DevEcoStudioProjects/WorkflowCelia/AppScope/resources cache by regenerate.
[2026-03-03T22:09:11.669] [DEBUG] debug-file - Update task entry:default@CompileResource input file:/Users/jinglun/repository/DevEcoStudioProjects/WorkflowCelia/entry/build/default/intermediates/process_profile/default/module.json cache by regenerate.
[2026-03-03T22:09:11.669] [DEBUG] debug-file - Update task entry:default@CompileResource input file:/Users/jinglun/repository/DevEcoStudioProjects/WorkflowCelia/entry/build/default/intermediates/res/default/resConfig.json cache by regenerate.
[2026-03-03T22:09:11.669] [DEBUG] debug-file - Update task entry:default@CompileResource output file:/Users/jinglun/repository/DevEcoStudioProjects/WorkflowCelia/entry/build/default/intermediates/res/default cache.
[2026-03-03T22:09:11.669] [DEBUG] debug-file - Update task entry:default@CompileResource output file:/Users/jinglun/repository/DevEcoStudioProjects/WorkflowCelia/entry/build/default/generated/r/default/ResourceTable.h cache.
[2026-03-03T22:09:11.670] [DEBUG] debug-file - Update task entry:default@CompileResource output file:/Users/jinglun/repository/DevEcoStudioProjects/WorkflowCelia/entry/build/default/generated/r/default cache.
[2026-03-03T22:09:11.670] [DEBUG] debug-file - Incremental task entry:default@CompileResource post-execution cost:2 ms .
[2026-03-03T22:09:11.670] [DEBUG] debug-file - There is no need to refresh cache, since the incremental task entry:default@DoNativeStrip is up-to-date.
[2026-03-03T22:09:11.670] [DEBUG] debug-file - Update task entry:default@CompileArkTS input file:/Users/jinglun/repository/DevEcoStudioProjects/WorkflowCelia/entry/build/default/intermediates/loader/default cache by regenerate.
[2026-03-03T22:09:11.671] [DEBUG] debug-file - Update task entry:default@CompileArkTS input file:/Users/jinglun/repository/DevEcoStudioProjects/WorkflowCelia/entry/build/default/intermediates/res/default/ResourceTable.txt cache by regenerate.
[2026-03-03T22:09:11.671] [DEBUG] debug-file - Update task entry:default@CompileArkTS input file:/Users/jinglun/repository/DevEcoStudioProjects/WorkflowCelia/entry/build/default/intermediates/res/default/ark_module.json cache by regenerate.
[2026-03-03T22:09:11.671] [DEBUG] debug-file - Update task entry:default@CompileArkTS input file:/Users/jinglun/repository/DevEcoStudioProjects/WorkflowCelia/entry/build/default/intermediates/res/default/resources/base/profile cache by regenerate.
[2026-03-03T22:09:11.671] [DEBUG] debug-file - Update task entry:default@CompileArkTS input file:/Users/jinglun/repository/DevEcoStudioProjects/WorkflowCelia/entry/src/main/ets cache by regenerate.
[2026-03-03T22:09:11.672] [DEBUG] debug-file - Update task entry:default@CompileArkTS input file:/Users/jinglun/repository/DevEcoStudioProjects/WorkflowCelia/entry/build/default/intermediates/loader/default/pkgContextInfo.json cache by regenerate.
[2026-03-03T22:09:11.672] [DEBUG] debug-file - Update task entry:default@CompileArkTS input file:/Users/jinglun/repository/DevEcoStudioProjects/WorkflowCelia/entry/build/default/generated/profile/default/BuildProfile.ets cache by regenerate.
[2026-03-03T22:09:11.672] [DEBUG] debug-file - Update task entry:default@CompileArkTS input file:/Users/jinglun/repository/DevEcoStudioProjects/WorkflowCelia/entry/src/mock/mock-config.json5 cache by regenerate.
[2026-03-03T22:09:11.672] [DEBUG] debug-file - Update task entry:default@CompileArkTS output file:/Users/jinglun/repository/DevEcoStudioProjects/WorkflowCelia/entry/build/default/intermediates/loader_out/default/ets cache.
[2026-03-03T22:09:11.672] [DEBUG] debug-file - Incremental task entry:default@CompileArkTS post-execution cost:2 ms .
[2026-03-03T22:09:11.672] [DEBUG] debug-file - Update task entry:default@BuildJS input file:/Users/jinglun/repository/DevEcoStudioProjects/WorkflowCelia/entry/build/default/intermediates/loader/default cache by regenerate.
[2026-03-03T22:09:11.672] [DEBUG] debug-file - Update task entry:default@BuildJS input file:/Users/jinglun/repository/DevEcoStudioProjects/WorkflowCelia/entry/build/default/intermediates/res/default/ResourceTable.txt cache by regenerate.
[2026-03-03T22:09:11.672] [DEBUG] debug-file - Update task entry:default@BuildJS input file:/Users/jinglun/repository/DevEcoStudioProjects/WorkflowCelia/entry/build/default/intermediates/res/default/ark_module.json cache by regenerate.
[2026-03-03T22:09:11.672] [DEBUG] debug-file - Update task entry:default@BuildJS input file:/Users/jinglun/repository/DevEcoStudioProjects/WorkflowCelia/entry/build/default/intermediates/res/default/resources/base/profile cache by regenerate.
[2026-03-03T22:09:11.672] [DEBUG] debug-file - Update task entry:default@BuildJS input file:/Users/jinglun/repository/DevEcoStudioProjects/WorkflowCelia/entry/build/default/intermediates/loader/default/pkgContextInfo.json cache by regenerate.
[2026-03-03T22:09:11.672] [DEBUG] debug-file - Update task entry:default@BuildJS output file:/Users/jinglun/repository/DevEcoStudioProjects/WorkflowCelia/entry/build/default/intermediates/loader_out/default/js cache.
[2026-03-03T22:09:11.672] [DEBUG] debug-file - Incremental task entry:default@BuildJS post-execution cost:1 ms .
[2026-03-03T22:09:11.672] [DEBUG] debug-file - There is no need to refresh cache, since the incremental task entry:default@CacheNativeLibs is up-to-date.
[2026-03-03T22:09:11.676] [DEBUG] debug-file - hvigor build process will be closed.
[2026-03-03T22:09:11.678] [DEBUG] debug-file - session manager: send message to worker process.
[2026-03-03T22:09:11.678] [DEBUG] debug-file - session manager: send message to worker process.
[2026-03-03T22:09:11.678] [DEBUG] debug-file - watch worker: worker id should be larger than 0. Nothing will be sent to any worker thread.
[2026-03-03T22:09:11.678] [DEBUG] debug-file - watch worker: worker id should be larger than 0. Nothing will be sent to any worker thread.
[2026-03-03T22:10:20.774] [DEBUG] debug-file - session manager: set active socket. socketId=diFdHvlEXtCfrUgRAAAL
[2026-03-03T22:10:20.775] [DEBUG] debug-file - watch worker: worker id should be larger than 0. Nothing will be sent to any worker thread.
[2026-03-03T22:10:20.776] [DEBUG] debug-file - Workers' log level updated to INFO
[2026-03-03T22:10:20.777] [DEBUG] debug-file - Hvigor init with startParameters:{
  hvigorfileTypeCheck: false,
  parallelExecution: true,
  incrementalExecution: true,
  printStackTrace: false,
  daemon: true,
  analyze: 0,
  logLevel: Level { level: 20000, levelStr: 'INFO', colour: 'green' },
  optimizationStrategy: 'memory',
  hotCompile: undefined,
  hotReloadBuild: undefined,
  customizedParam: undefined
}
[2026-03-03T22:10:20.779] [DEBUG] debug-file - Cache service initialization finished in 2 ms 
[2026-03-03T22:10:20.780] [DEBUG] debug-file - hvigorfile, resolving /Users/jinglun/repository/DevEcoStudioProjects/WorkflowCelia/hvigorfile.ts
[2026-03-03T22:10:20.784] [DEBUG] debug-file - hvigorfile, require result:  { default: { plugins: [] } }
[2026-03-03T22:10:20.784] [DEBUG] debug-file - hvigorfile, binding system plugins null
[2026-03-03T22:10:20.784] [DEBUG] debug-file - Starting plugin build process
[2026-03-03T22:10:20.784] [DEBUG] debug-file - App plugin prepare start...
[2026-03-03T22:10:20.784] [DEBUG] debug-file - App plugin prepare end...
[2026-03-03T22:10:20.784] [DEBUG] debug-file - App plugin creating...
[2026-03-03T22:10:20.786] [DEBUG] debug-file - App plugin register hook start...
[2026-03-03T22:10:20.786] [DEBUG] debug-file - App plugin register hook end...
[2026-03-03T22:10:20.786] [DEBUG] debug-file - Plugin build process completed
[2026-03-03T22:10:20.786] [DEBUG] debug-file - Start initialize project's product build option map with build mode debug.
[2026-03-03T22:10:20.786] [DEBUG] debug-file - Picking option from product 'default' with build mode 'debug'.
[2026-03-03T22:10:20.786] [DEBUG] debug-file - Product 'default' build option initialized
[2026-03-03T22:10:20.786] [DEBUG] debug-file - End initialize project's product build option map with build mode 'debug'.
[2026-03-03T22:10:20.786] [DEBUG] debug-file - Obtain build option for product 'default'in this build.
[2026-03-03T22:10:20.788] [DEBUG] debug-file - /Users/jinglun/repository/DevEcoStudioProjects/WorkflowCelia/build/cache/default/remote_hsp/remoteHspCache.json not exists.
[2026-03-03T22:10:20.788] [DEBUG] debug-file - Start recording SDK configuration permission data.
[2026-03-03T22:10:20.801] [DEBUG] debug-file - Sdk init in 13 ms 
[2026-03-03T22:10:20.802] [DEBUG] debug-file - Project task initialization takes 1 ms 
[2026-03-03T22:10:20.802] [DEBUG] debug-file - hvigorfile, binding custom plugins []
[2026-03-03T22:10:20.802] [DEBUG] debug-file - hvigorfile, no custom plugins were found in /Users/jinglun/repository/DevEcoStudioProjects/WorkflowCelia/hvigorfile.ts
[2026-03-03T22:10:20.802] [DEBUG] debug-file - hvigorfile, resolve finished /Users/jinglun/repository/DevEcoStudioProjects/WorkflowCelia/hvigorfile.ts
[2026-03-03T22:10:20.802] [DEBUG] debug-file - hvigorfile, resolving /Users/jinglun/repository/DevEcoStudioProjects/WorkflowCelia/entry/hvigorfile.ts
[2026-03-03T22:10:20.804] [DEBUG] debug-file - hvigorfile, require result:  { default: { plugins: [] } }
[2026-03-03T22:10:20.804] [DEBUG] debug-file - hvigorfile, binding system plugins null
[2026-03-03T22:10:20.804] [DEBUG] debug-file - Starting plugin build process
[2026-03-03T22:10:20.804] [DEBUG] debug-file - Hap plugin creating...
[2026-03-03T22:10:20.804] [DEBUG] debug-file - failed to load cangjie to dynamically generate schemas: Error: Cannot find module '@ohos/cangjie-build-support/index'
Require stack:
- /Applications/DevEco-Studio.app/Contents/tools/hvigor/hvigor-ohos-plugin/src/plugin/hooks/cangjie-register.js
- /Applications/DevEco-Studio.app/Contents/tools/hvigor/hvigor-ohos-plugin/src/plugin/strategy/stage-init-strategy.js
- /Applications/DevEco-Studio.app/Contents/tools/hvigor/hvigor-ohos-plugin/src/plugin/builder/abstract-plugin-builder.js
- /Applications/DevEco-Studio.app/Contents/tools/hvigor/hvigor-ohos-plugin/src/plugin/builder/app-plugin-builder.js
- /Applications/DevEco-Studio.app/Contents/tools/hvigor/hvigor-ohos-plugin/src/plugin/factory/plugin-factory.js
- /Applications/DevEco-Studio.app/Contents/tools/hvigor/hvigor-ohos-plugin/index.js
- /Users/jinglun/repository/DevEcoStudioProjects/WorkflowCelia/hvigorfile.ts
- /Applications/DevEco-Studio.app/Contents/tools/hvigor/hvigor/src/base/internal/lifecycle/configuration.js
- /Applications/DevEco-Studio.app/Contents/tools/hvigor/hvigor/src/base/boot/index.js
- /Applications/DevEco-Studio.app/Contents/tools/hvigor/hvigor/src/base/daemon/cluster/worker-process-lifecycle.js
- /Applications/DevEco-Studio.app/Contents/tools/hvigor/hvigor/src/base/daemon/process/daemon-process-boot-script.js
[2026-03-03T22:10:20.804] [DEBUG] debug-file - Start initialize module-target build option map, moduleName=entry, buildMode=debug
[2026-03-03T22:10:20.804] [DEBUG] debug-file - Target 'default' config initialized
[2026-03-03T22:10:20.805] [DEBUG] debug-file - Target 'ohosTest' config initialized
[2026-03-03T22:10:20.805] [DEBUG] debug-file - Module 'entry' target 'default' build option initialized
[2026-03-03T22:10:20.805] [DEBUG] debug-file - Module 'entry' target 'ohosTest' build option initialized
[2026-03-03T22:10:20.805] [DEBUG] debug-file - End initialize module-target build option map, moduleName=entry
[2026-03-03T22:10:20.805] [DEBUG] debug-file - Start initialize module-target build option map, moduleName=entry, buildMode=release
[2026-03-03T22:10:20.805] [DEBUG] debug-file - Target 'default' config initialized
[2026-03-03T22:10:20.805] [DEBUG] debug-file - Target 'ohosTest' config initialized
[2026-03-03T22:10:20.805] [DEBUG] debug-file - Module 'entry' target 'default' build option initialized
[2026-03-03T22:10:20.805] [DEBUG] debug-file - Module 'entry' target 'ohosTest' build option initialized
[2026-03-03T22:10:20.805] [DEBUG] debug-file - End initialize module-target build option map, moduleName=entry
[2026-03-03T22:10:20.805] [DEBUG] debug-file - Start initialize module-target build option map, moduleName=entry, buildMode=debug
[2026-03-03T22:10:20.805] [DEBUG] debug-file - Target 'default' config initialized
[2026-03-03T22:10:20.805] [DEBUG] debug-file - Target 'ohosTest' config initialized
[2026-03-03T22:10:20.805] [DEBUG] debug-file - Module 'entry' target 'default' build option initialized
[2026-03-03T22:10:20.805] [DEBUG] debug-file - Module 'entry' target 'ohosTest' build option initialized
[2026-03-03T22:10:20.805] [DEBUG] debug-file - End initialize module-target build option map, moduleName=entry
[2026-03-03T22:10:20.805] [DEBUG] debug-file - Obtain build option for module 'entry' target 'default'in this build.
[2026-03-03T22:10:20.806] [DEBUG] debug-file - Module entry task initialization takes 1 ms 
[2026-03-03T22:10:20.806] [DEBUG] debug-file - Hap plugin register hook start...
[2026-03-03T22:10:20.806] [DEBUG] debug-file - Hap plugin register hook end...
[2026-03-03T22:10:20.806] [DEBUG] debug-file - Plugin build process completed
[2026-03-03T22:10:20.806] [DEBUG] debug-file - hvigorfile, binding custom plugins []
[2026-03-03T22:10:20.806] [DEBUG] debug-file - hvigorfile, no custom plugins were found in /Users/jinglun/repository/DevEcoStudioProjects/WorkflowCelia/entry/hvigorfile.ts
[2026-03-03T22:10:20.806] [DEBUG] debug-file - hvigorfile, resolve finished /Users/jinglun/repository/DevEcoStudioProjects/WorkflowCelia/entry/hvigorfile.ts
[2026-03-03T22:10:20.837] [DEBUG] debug-file - hvigorfile, resolve hvigorfile dependencies in 32 ms 
[2026-03-03T22:10:20.837] [DEBUG] debug-file - project has submodules:entry
[2026-03-03T22:10:20.838] [DEBUG] debug-file - start to load updatedOhPackageInfo to the disk
[2026-03-03T22:10:20.839] [DEBUG] debug-file - load to the disk finished
[2026-03-03T22:10:20.839] [DEBUG] debug-file - Start to initialize dependency information.
[2026-03-03T22:10:20.840] [DEBUG] debug-file - Module WorkflowCelia Collected Dependency: 
[2026-03-03T22:10:20.840] [DEBUG] debug-file - Module WorkflowCelia's total dependency: 0
[2026-03-03T22:10:20.840] [DEBUG] debug-file - Start to initialize dependency information.
[2026-03-03T22:10:20.840] [DEBUG] debug-file - Module entry Collected Dependency: 
[2026-03-03T22:10:20.840] [DEBUG] debug-file - Module entry's total dependency: 0
[2026-03-03T22:10:20.840] [DEBUG] debug-file - Configuration phase cost:61 ms 
[2026-03-03T22:10:20.841] [DEBUG] debug-file - Configuration task cost before running: 65 ms 
[2026-03-03T22:10:20.842] [DEBUG] debug-file - Executing task :entry:default@PreBuild
[2026-03-03T22:10:20.842] [DEBUG] debug-file - Task 'entry:default@PreBuild' cost while wrapping incremental declarations: 1 ms 
[2026-03-03T22:10:20.843] [DEBUG] debug-file - Incremental task entry:default@PreBuild pre-execution cost: 1 ms .
[2026-03-03T22:10:20.843] [DEBUG] debug-file - entry : default@PreBuild cost memory 0.26001739501953125
[2026-03-03T22:10:20.843] [INFO] debug-file - UP-TO-DATE :entry:default@PreBuild...  
[2026-03-03T22:10:20.843] [DEBUG] debug-file - Executing task :entry:default@CreateModuleInfo
[2026-03-03T22:10:20.843] [DEBUG] debug-file - Task 'entry:default@CreateModuleInfo' cost while wrapping incremental declarations: 1 ms 
[2026-03-03T22:10:20.843] [DEBUG] debug-file - entry : default@CreateModuleInfo cost memory 0.0400238037109375
[2026-03-03T22:10:20.843] [DEBUG] debug-file - runTaskFromQueue task cost before running: 67 ms 
[2026-03-03T22:10:20.843] [INFO] debug-file - Finished :entry:default@CreateModuleInfo... after 1 ms 
[2026-03-03T22:10:20.843] [DEBUG] debug-file - Executing task :entry:default@GenerateMetadata
[2026-03-03T22:10:20.843] [DEBUG] debug-file - Task 'entry:default@GenerateMetadata' cost while wrapping incremental declarations: 1 ms 
[2026-03-03T22:10:20.843] [DEBUG] debug-file - Incremental task entry:default@GenerateMetadata pre-execution cost: 1 ms .
[2026-03-03T22:10:20.843] [DEBUG] debug-file - entry : default@GenerateMetadata cost memory 0.07649993896484375
[2026-03-03T22:10:20.843] [INFO] debug-file - UP-TO-DATE :entry:default@GenerateMetadata...  
[2026-03-03T22:10:20.844] [DEBUG] debug-file - Executing task :entry:default@ConfigureCmake
[2026-03-03T22:10:20.844] [DEBUG] debug-file - entry : default@ConfigureCmake cost memory 0.0145416259765625
[2026-03-03T22:10:20.844] [DEBUG] debug-file - runTaskFromQueue task cost before running: 68 ms 
[2026-03-03T22:10:20.844] [INFO] debug-file - Finished :entry:default@ConfigureCmake... after 1 ms 
[2026-03-03T22:10:20.844] [DEBUG] debug-file - Executing task :entry:default@MergeProfile
[2026-03-03T22:10:20.844] [DEBUG] debug-file - Task 'entry:default@MergeProfile' cost while wrapping incremental declarations: 1 ms 
[2026-03-03T22:10:20.844] [DEBUG] debug-file - Incremental task entry:default@MergeProfile pre-execution cost: 1 ms .
[2026-03-03T22:10:20.844] [DEBUG] debug-file - entry : default@MergeProfile cost memory 0.1132354736328125
[2026-03-03T22:10:20.844] [INFO] debug-file - UP-TO-DATE :entry:default@MergeProfile...  
[2026-03-03T22:10:20.844] [DEBUG] debug-file - Executing task :entry:default@CreateBuildProfile
[2026-03-03T22:10:20.844] [DEBUG] debug-file - Task 'entry:default@CreateBuildProfile' cost while wrapping incremental declarations: 1 ms 
[2026-03-03T22:10:20.844] [DEBUG] debug-file - Incremental task entry:default@CreateBuildProfile pre-execution cost: 1 ms .
[2026-03-03T22:10:20.844] [DEBUG] debug-file - entry : default@CreateBuildProfile cost memory 0.0779876708984375
[2026-03-03T22:10:20.844] [INFO] debug-file - UP-TO-DATE :entry:default@CreateBuildProfile...  
[2026-03-03T22:10:20.845] [DEBUG] debug-file - Executing task :entry:default@PreCheckSyscap
[2026-03-03T22:10:20.845] [DEBUG] debug-file - entry : default@PreCheckSyscap cost memory 0.01476287841796875
[2026-03-03T22:10:20.845] [DEBUG] debug-file - runTaskFromQueue task cost before running: 69 ms 
[2026-03-03T22:10:20.845] [INFO] debug-file - Finished :entry:default@PreCheckSyscap... after 1 ms 
[2026-03-03T22:10:20.845] [DEBUG] debug-file - Executing task :entry:default@GeneratePkgContextInfo
[2026-03-03T22:10:20.845] [DEBUG] debug-file - Task 'entry:default@GeneratePkgContextInfo' cost while wrapping incremental declarations: 1 ms 
[2026-03-03T22:10:20.845] [DEBUG] debug-file - Incremental task entry:default@GeneratePkgContextInfo pre-execution cost: 1 ms .
[2026-03-03T22:10:20.845] [DEBUG] debug-file - entry : default@GeneratePkgContextInfo cost memory 0.28943634033203125
[2026-03-03T22:10:20.845] [INFO] debug-file - UP-TO-DATE :entry:default@GeneratePkgContextInfo...  
[2026-03-03T22:10:20.846] [DEBUG] debug-file - Executing task :entry:default@ProcessIntegratedHsp
[2026-03-03T22:10:20.846] [DEBUG] debug-file - entry:default@ProcessIntegratedHsp is not up-to-date, since the output file '/Users/jinglun/repository/DevEcoStudioProjects/WorkflowCelia/build/cache/default/integrated_hsp/integratedHspCache.json' does not exist.
[2026-03-03T22:10:20.846] [DEBUG] debug-file - Incremental task entry:default@ProcessIntegratedHsp pre-execution cost: 1 ms .
[2026-03-03T22:10:20.846] [DEBUG] debug-file - entry : default@ProcessIntegratedHsp cost memory 0.057708740234375
[2026-03-03T22:10:20.846] [DEBUG] debug-file - runTaskFromQueue task cost before running: 70 ms 
[2026-03-03T22:10:20.846] [INFO] debug-file - Finished :entry:default@ProcessIntegratedHsp... after 1 ms 
[2026-03-03T22:10:20.846] [DEBUG] debug-file - Executing task :entry:default@BuildNativeWithCmake
[2026-03-03T22:10:20.846] [DEBUG] debug-file - entry : default@BuildNativeWithCmake cost memory 0.0145416259765625
[2026-03-03T22:10:20.846] [DEBUG] debug-file - runTaskFromQueue task cost before running: 70 ms 
[2026-03-03T22:10:20.846] [INFO] debug-file - Finished :entry:default@BuildNativeWithCmake... after 1 ms 
[2026-03-03T22:10:20.846] [DEBUG] debug-file - Executing task :entry:default@MakePackInfo
[2026-03-03T22:10:20.846] [DEBUG] debug-file - Incremental task entry:default@MakePackInfo pre-execution cost: 1 ms .
[2026-03-03T22:10:20.846] [DEBUG] debug-file - entry : default@MakePackInfo cost memory 0.09326171875
[2026-03-03T22:10:20.846] [INFO] debug-file - UP-TO-DATE :entry:default@MakePackInfo...  
[2026-03-03T22:10:20.847] [DEBUG] debug-file - Executing task :entry:default@SyscapTransform
[2026-03-03T22:10:20.847] [DEBUG] debug-file - File: '/Users/jinglun/repository/DevEcoStudioProjects/WorkflowCelia/entry/src/main/syscap.json' from 'sysCapJsonPath' is not exists, just ignore.
[2026-03-03T22:10:20.847] [DEBUG] debug-file - Task 'entry:default@SyscapTransform' cost while wrapping incremental declarations: 1 ms 
[2026-03-03T22:10:20.847] [DEBUG] debug-file - entry:default@SyscapTransform is not up-to-date, since the output file '/Users/jinglun/repository/DevEcoStudioProjects/WorkflowCelia/entry/build/default/intermediates/syscap/default/rpcid.sc' does not exist.
[2026-03-03T22:10:20.847] [DEBUG] debug-file - Incremental task entry:default@SyscapTransform pre-execution cost: 1 ms .
[2026-03-03T22:10:20.847] [DEBUG] debug-file - entry : default@SyscapTransform cost memory 0.1064910888671875
[2026-03-03T22:10:20.847] [DEBUG] debug-file - runTaskFromQueue task cost before running: 71 ms 
[2026-03-03T22:10:20.847] [INFO] debug-file - Finished :entry:default@SyscapTransform... after 1 ms 
[2026-03-03T22:10:20.847] [DEBUG] debug-file - Executing task :entry:default@ProcessProfile
[2026-03-03T22:10:20.847] [DEBUG] debug-file - Task 'entry:default@ProcessProfile' cost while wrapping incremental declarations: 1 ms 
[2026-03-03T22:10:20.848] [DEBUG] debug-file - Incremental task entry:default@ProcessProfile pre-execution cost: 1 ms .
[2026-03-03T22:10:20.848] [DEBUG] debug-file - entry : default@ProcessProfile cost memory -3.7635345458984375
[2026-03-03T22:10:20.848] [INFO] debug-file - UP-TO-DATE :entry:default@ProcessProfile...  
[2026-03-03T22:10:20.848] [DEBUG] debug-file - Executing task :entry:default@ProcessRouterMap
[2026-03-03T22:10:20.849] [DEBUG] debug-file - Incremental task entry:default@ProcessRouterMap pre-execution cost: 1 ms .
[2026-03-03T22:10:20.849] [DEBUG] debug-file - entry : default@ProcessRouterMap cost memory 0.13205718994140625
[2026-03-03T22:10:20.849] [INFO] debug-file - UP-TO-DATE :entry:default@ProcessRouterMap...  
[2026-03-03T22:10:20.849] [DEBUG] debug-file - Executing task :entry:default@ProcessShareConfig
[2026-03-03T22:10:20.849] [DEBUG] debug-file - Incremental task entry:default@ProcessShareConfig pre-execution cost: 1 ms .
[2026-03-03T22:10:20.849] [DEBUG] debug-file - entry : default@ProcessShareConfig cost memory 0.11475372314453125
[2026-03-03T22:10:20.849] [INFO] debug-file - UP-TO-DATE :entry:default@ProcessShareConfig...  
[2026-03-03T22:10:20.849] [DEBUG] debug-file - Executing task :entry:default@ProcessStartupConfig
[2026-03-03T22:10:20.849] [DEBUG] debug-file - Task 'entry:default@ProcessStartupConfig' cost while wrapping incremental declarations: 1 ms 
[2026-03-03T22:10:20.849] [DEBUG] debug-file - entry:default@ProcessStartupConfig is not up-to-date, since the output file '/Users/jinglun/repository/DevEcoStudioProjects/WorkflowCelia/entry/build/default/intermediates/startup/default/startup_config.json' does not exist.
[2026-03-03T22:10:20.849] [DEBUG] debug-file - Incremental task entry:default@ProcessStartupConfig pre-execution cost: 1 ms .
[2026-03-03T22:10:20.849] [DEBUG] debug-file - entry : default@ProcessStartupConfig cost memory 0.12688446044921875
[2026-03-03T22:10:20.850] [DEBUG] debug-file - runTaskFromQueue task cost before running: 74 ms 
[2026-03-03T22:10:20.850] [INFO] debug-file - Finished :entry:default@ProcessStartupConfig... after 1 ms 
[2026-03-03T22:10:20.850] [DEBUG] debug-file - Executing task :entry:default@BuildNativeWithNinja
[2026-03-03T22:10:20.850] [DEBUG] debug-file - entry : default@BuildNativeWithNinja cost memory 0.0201873779296875
[2026-03-03T22:10:20.850] [DEBUG] debug-file - runTaskFromQueue task cost before running: 74 ms 
[2026-03-03T22:10:20.850] [INFO] debug-file - Finished :entry:default@BuildNativeWithNinja... after 1 ms 
[2026-03-03T22:10:20.850] [DEBUG] debug-file - restool module names: entry; moduleName=entry, taskName=default@ProcessResource
[2026-03-03T22:10:20.850] [DEBUG] debug-file - Executing task :entry:default@ProcessResource
[2026-03-03T22:10:20.850] [DEBUG] debug-file - Task 'entry:default@ProcessResource' cost while wrapping incremental declarations: 1 ms 
[2026-03-03T22:10:20.850] [DEBUG] debug-file - Incremental task entry:default@ProcessResource pre-execution cost: 1 ms .
[2026-03-03T22:10:20.850] [DEBUG] debug-file - entry : default@ProcessResource cost memory 0.115478515625
[2026-03-03T22:10:20.850] [INFO] debug-file - UP-TO-DATE :entry:default@ProcessResource...  
[2026-03-03T22:10:20.851] [DEBUG] debug-file - Executing task :entry:default@GenerateLoaderJson
[2026-03-03T22:10:20.851] [DEBUG] debug-file - Task 'entry:default@GenerateLoaderJson' cost while wrapping incremental declarations: 1 ms 
[2026-03-03T22:10:20.852] [DEBUG] debug-file - Incremental task entry:default@GenerateLoaderJson pre-execution cost: 1 ms .
[2026-03-03T22:10:20.852] [DEBUG] debug-file - entry : default@GenerateLoaderJson cost memory 0.45086669921875
[2026-03-03T22:10:20.852] [INFO] debug-file - UP-TO-DATE :entry:default@GenerateLoaderJson...  
[2026-03-03T22:10:20.852] [DEBUG] debug-file - Executing task :entry:default@ProcessLibs
[2026-03-03T22:10:20.852] [DEBUG] debug-file - Incremental task entry:default@ProcessLibs pre-execution cost: 1 ms .
[2026-03-03T22:10:20.852] [DEBUG] debug-file - entry : default@ProcessLibs cost memory 0.079681396484375
[2026-03-03T22:10:20.852] [INFO] debug-file - UP-TO-DATE :entry:default@ProcessLibs...  
[2026-03-03T22:10:20.853] [DEBUG] debug-file - restool module names: entry; moduleName=entry, taskName=default@CompileResource
[2026-03-03T22:10:20.853] [DEBUG] debug-file - Executing task :entry:default@CompileResource
[2026-03-03T22:10:20.854] [DEBUG] debug-file - Incremental task entry:default@CompileResource pre-execution cost: 2 ms .
[2026-03-03T22:10:20.854] [DEBUG] debug-file - entry : default@CompileResource cost memory 0.38889312744140625
[2026-03-03T22:10:20.854] [INFO] debug-file - UP-TO-DATE :entry:default@CompileResource...  
[2026-03-03T22:10:20.854] [DEBUG] debug-file - Executing task :entry:default@DoNativeStrip
[2026-03-03T22:10:20.854] [DEBUG] debug-file - Task 'entry:default@DoNativeStrip' cost while wrapping incremental declarations: 1 ms 
[2026-03-03T22:10:20.854] [DEBUG] debug-file - Incremental task entry:default@DoNativeStrip pre-execution cost: 1 ms .
[2026-03-03T22:10:20.854] [DEBUG] debug-file - entry : default@DoNativeStrip cost memory 0.061737060546875
[2026-03-03T22:10:20.854] [INFO] debug-file - UP-TO-DATE :entry:default@DoNativeStrip...  
[2026-03-03T22:10:20.854] [DEBUG] debug-file - Executing task :entry:default@CompileArkTS
[2026-03-03T22:10:20.854] [DEBUG] debug-file - obfuscationOptions: undefined
[2026-03-03T22:10:20.855] [DEBUG] debug-file - Task 'entry:default@CompileArkTS' cost while wrapping incremental declarations: 1 ms 
[2026-03-03T22:10:20.856] [DEBUG] debug-file - build config:
[2026-03-03T22:10:20.856] [DEBUG] debug-file - {
  moduleType: 'entry',
  perf: 0,
  targetName: '.default',
  packageManagerType: 'ohpm',
  localPropertiesPath: '/Users/jinglun/repository/DevEcoStudioProjects/WorkflowCelia/local.properties',
  isPreview: false,
  isOhosTest: false,
  isLocalTest: false,
  buildMode: 'Debug',
  hotReloadBuild: undefined,
  watchMode: 'false',
  aceProfilePath: '/Users/jinglun/repository/DevEcoStudioProjects/WorkflowCelia/entry/build/default/intermediates/res/default/resources/base/profile',
  etsLoaderPath: '/Applications/DevEco-Studio.app/Contents/sdk/default/openharmony/ets/build-tools/ets-loader',
  modulePath: '/Users/jinglun/repository/DevEcoStudioProjects/WorkflowCelia/entry',
  testFrameworkPar: {
    testMode: undefined,
    coveragePathFilter: undefined,
    coverageMode: undefined
  },
  needCoverageInsert: false,
  debugLine: false,
  projectTopDir: '/Users/jinglun/repository/DevEcoStudioProjects/WorkflowCelia',
  compileSdkVersion: 22,
  compatibleSdkVersion: 21,
  originCompatibleSdkVersion: '6.0.1(21)',
  compatibleSdkVersionStage: undefined,
  bundleName: 'c***a',
  etsLoaderVersion: '6.0.2.130',
  etsLoaderReleaseType: 'Release',
  aotCompileMode: 'type',
  apPath: '/Users/jinglun/repository/DevEcoStudioProjects/WorkflowCelia/entry/modules.ap',
  entryModuleName: 'entry',
  entryModuleVersion: '1.0.0',
  entryPackageName: 'entry',
  allModuleNameHash: 'c12195e25be9168a05dd89f6e36f2518edbf2a9a286c7a3cde74a3d243c8473f',
  externalApiPaths: [ '/Applications/DevEco-Studio.app/Contents/sdk/default/hms/ets' ],
  compilerTypes: [],
  isCrossplatform: false,
  hvigorPluginFile: undefined,
  compilePluginPath: undefined,
  buildGeneratedProfilePath: '/Users/jinglun/repository/DevEcoStudioProjects/WorkflowCelia/entry/build/default/generated/profile/default',
  bundleType: 'app',
  arkTSVersion: undefined,
  apiVersion: 22,
  needCompleteSourcesMap: false,
  isFaMode: false,
  buildDir: '/Users/jinglun/repository/DevEcoStudioProjects/WorkflowCelia/entry/build',
  deviceTypes: [ 'phone' ],
  pkgContextInfo: {
    '@ohos/hypium': {
      packageName: '@ohos/hypium',
      bundleName: '*****',
      moduleName: '',
      version: '1.0.25',
      entryPath: 'index.js',
      isSO: false,
      dependencyAlias: ''
    },
    '@ohos/hamock': {
      packageName: '@ohos/hamock',
      bundleName: '*****',
      moduleName: '',
      version: '1.0.0',
      entryPath: 'index.ets',
      isSO: false,
      dependencyAlias: ''
    },
    entry: {
      packageName: 'entry',
      bundleName: '*****',
      moduleName: '',
      version: '',
      entryPath: 'src/main/',
      isSO: false,
      dependencyAlias: ''
    }
  },
  ohPackagePathMap: {},
  dependencyAliasMap: {},
  permission: {
    requestPermissions: [ [Object], [Object] ],
    definePermissions: undefined
  },
  useGetCurrentBundleName: false,
  projectArkOption: undefined,
  sourceMapDir: undefined,
  branchElimination: false,
  transformLib: undefined,
  tsImportSendable: false,
  resolveConflictMode: true,
  depName2RootPath: {},
  depName2DepInfo: {},
  rootPathSet: [ '/Users/jinglun/repository/DevEcoStudioProjects/WorkflowCelia' ],
  useNativeResolver: true,
  shouldEmitJs: true,
  useTscResolve: false,
  singleFileEmit: false,
  userProjectConfig: {
    autoLazyImport: false,
    allowEmptyBundleName: false,
    reExportCheckMode: 'noCheck',
    executionMode: 'memory',
    usePathPlaceholder: false,
    writeRollupCache: true,
    isExpandImportEnabled: false,
    expandImportExclude: '',
    lazyImportExclude: '',
    lazyImportInclude: '',
    ignoreCrossplatformCheck: false,
    isHarDeduplicateEnabled: false,
    skipOhModulesLint: false,
    enableStrictCheckOHModule: false,
    disableSendableCheckRules: [],
    useDeclarationFileSignature: false,
    customizedOptions: undefined,
    integratedHsp: false,
    isPreloadSoEnabled: false
  },
  executionMode: 'memory',
  arkCompileCachePath: '/Users/jinglun/repository/DevEcoStudioProjects/WorkflowCelia/entry/build/default/cache/default/default@CompileArkTS/esmodule',
  autoLazyFilter: undefined,
  isHarDeduplicateEnabled: false,
  intermediateHarDuplicateDirPath: '/Users/jinglun/repository/DevEcoStudioProjects/WorkflowCelia/entry/build/default/intermediates/har_duplicate/default',
  autoLazyImport: false,
  allowEmptyBundleName: false,
  reExportCheckMode: 'noCheck',
  usePathPlaceholder: false,
  writeRollupCache: true,
  isExpandImportEnabled: false,
  expandImportExclude: '',
  lazyImportExclude: '',
  lazyImportInclude: '',
  ignoreCrossplatformCheck: false,
  skipOhModulesLint: false,
  enableStrictCheckOHModule: false,
  disableSendableCheckRules: [],
  useDeclarationFileSignature: false,
  customizedOptions: undefined,
  integratedHsp: false,
  isPreloadSoEnabled: false,
  strictMode: {
    caseSensitiveCheck: true,
    useNormalizedOHMUrl: true,
    noExternalImportByPath: true
  },
  useNormalizedOHMUrl: true,
  caseSensitiveCheck: true,
  aceModuleJsonPath: '/Users/jinglun/repository/DevEcoStudioProjects/WorkflowCelia/entry/build/default/intermediates/res/default/ark_module.json',
  appResource: '/Users/jinglun/repository/DevEcoStudioProjects/WorkflowCelia/entry/build/default/intermediates/res/default/ResourceTable.txt',
  rawFileResource: '/Users/jinglun/repository/DevEcoStudioProjects/WorkflowCelia/entry/build/default/intermediates/res/default/resources/rawfile',
  resourceTableHash: '21682bcc9e60207aebf25296efe851f5442bdf4f240ee6cd825adec9b5dd57e6',
  runtimeOS: 'HarmonyOS',
  sdkInfo: 'false:22:6.0.2.130:Release',
  aceModuleRoot: '/Users/jinglun/repository/DevEcoStudioProjects/WorkflowCelia/entry/src/main/ets',
  compileMode: 'esmodule',
  aceSuperVisualPath: '/Users/jinglun/repository/DevEcoStudioProjects/WorkflowCelia/entry/src/main/supervisual',
  aceBuildJson: '/Users/jinglun/repository/DevEcoStudioProjects/WorkflowCelia/entry/build/default/intermediates/loader/default/loader.json',
  cachePath: '/Users/jinglun/repository/DevEcoStudioProjects/WorkflowCelia/entry/build/default/cache/default/default@CompileArkTS/esmodule/debug',
  aceModuleBuild: '/Users/jinglun/repository/DevEcoStudioProjects/WorkflowCelia/entry/build/default/intermediates/loader_out/default/ets',
  supportChunks: true,
  declaredFilesPath: undefined,
  shouldCollectDirectImportees: false,
  isByteCodeHarOptimize: false,
  expandImportPath: undefined,
  pkgNameToPkgBriefInfo: {
    entry: {
      pkgRoot: '/Users/jinglun/repository/DevEcoStudioProjects/WorkflowCelia/entry',
      originalSourceRoots: undefined,
      sourceRoots: [Array],
      pkgName: 'entry'
    }
  },
  projectModel: {
    '/Users/jinglun/repository/DevEcoStudioProjects/WorkflowCelia/entry/src/main': {
      moduleName: 'entry',
      modulePkgPath: '/Users/jinglun/repository/DevEcoStudioProjects/WorkflowCelia/entry',
      belongProjectPath: '/Users/jinglun/repository/DevEcoStudioProjects/WorkflowCelia'
    },
    '/Users/jinglun/repository/DevEcoStudioProjects/WorkflowCelia/entry/build/default/intermediates/src/ohosTest/ets': {
      moduleName: 'entry_test',
      modulePkgPath: '/Users/jinglun/repository/DevEcoStudioProjects/WorkflowCelia/entry',
      belongProjectPath: '/Users/jinglun/repository/DevEcoStudioProjects/WorkflowCelia'
    },
    '/Users/jinglun/repository/DevEcoStudioProjects/WorkflowCelia/entry/src/ohosTest': {
      moduleName: 'entry_test',
      modulePkgPath: '/Users/jinglun/repository/DevEcoStudioProjects/WorkflowCelia/entry',
      belongProjectPath: '/Users/jinglun/repository/DevEcoStudioProjects/WorkflowCelia'
    },
    '/Users/jinglun/repository/DevEcoStudioProjects/WorkflowCelia/entry': {
      moduleName: 'entry',
      modulePkgPath: '/Users/jinglun/repository/DevEcoStudioProjects/WorkflowCelia/entry',
      belongProjectPath: '/Users/jinglun/repository/DevEcoStudioProjects/WorkflowCelia'
    },
    '/Users/jinglun/repository/DevEcoStudioProjects/WorkflowCelia': {
      moduleName: 'WorkflowCelia',
      modulePkgPath: '/Users/jinglun/repository/DevEcoStudioProjects/WorkflowCelia',
      belongProjectPath: '/Users/jinglun/repository/DevEcoStudioProjects/WorkflowCelia'
    }
  },
  pkgJsonFileHash: '3bfaa91bc0f8265817f78c5f4db375b3d4306dd31bcb81c7205475f8a36209bc',
  allModulePaths: [
    '/Users/jinglun/repository/DevEcoStudioProjects/WorkflowCelia/entry'
  ],
  routerMap: {},
  obfuscationOptions: undefined,
  byteCodeHarToDependencyKeys: undefined,
  compileBlockPkg: [],
  mockParams: {
    decorator: '@MockSetup',
    packageName: '@ohos/hamock',
    etsSourceRootPath: 'src/main/ets',
    mockConfigPath: '/Users/jinglun/repository/DevEcoStudioProjects/WorkflowCelia/entry/src/mock/mock-config.json5',
    mockConfigKey2ModuleInfo: {},
    source2ModuleIdMap: {}
  },
  copyCodeResourceEnable: false,
  copyCodeResourceExcludes: [],
  copyCodeResourceIncludes: undefined,
  uiTransformOptimization: false,
  sdkPath: '/Applications/DevEco-Studio.app/Contents/sdk',
  needPreloadSoFileSet: {},
  preloadSoFilePath: '/Users/jinglun/repository/DevEcoStudioProjects/WorkflowCelia/entry/build/default/intermediates/preload/default/preload.json',
  useSourceHash: false,
  localModuleParamMap: {},
  otherPaths: {
    'entry/*': [ '../*', '../../../build/default/generated/profile/default/*' ]
  },
  collectImportersConfig: undefined
}
[2026-03-03T22:10:20.856] [DEBUG] debug-file - Compile arkts with external api path: /Applications/DevEco-Studio.app/Contents/sdk/default/hms/ets
[2026-03-03T22:10:20.856] [DEBUG] debug-file - default@CompileArkTS work[3] is submitted.
[2026-03-03T22:10:20.856] [DEBUG] debug-file - default@CompileArkTS work[3] is pushed to ready queue.
[2026-03-03T22:10:20.856] [DEBUG] debug-file - A work dispatched to worker[9] failed because unable to get work from ready queue.
[2026-03-03T22:10:20.856] [DEBUG] debug-file - A work dispatched to worker[8] failed because unable to get work from ready queue.
[2026-03-03T22:10:20.856] [DEBUG] debug-file - A work dispatched to worker[7] failed because unable to get work from ready queue.
[2026-03-03T22:10:20.856] [DEBUG] debug-file - A work dispatched to worker[6] failed because unable to get work from ready queue.
[2026-03-03T22:10:20.856] [DEBUG] debug-file - A work dispatched to worker[5] failed because unable to get work from ready queue.
[2026-03-03T22:10:20.856] [DEBUG] debug-file - default@CompileArkTS work[3] has been dispatched to worker[4].
[2026-03-03T22:10:20.856] [DEBUG] debug-file - default@CompileArkTS work[3] is dispatched.
[2026-03-03T22:10:20.856] [DEBUG] debug-file - entry : default@CompileArkTS cost memory 1.1495742797851562
[2026-03-03T22:10:20.857] [DEBUG] debug-file - Executing task :entry:default@BuildJS
[2026-03-03T22:10:20.857] [DEBUG] debug-file - Task 'entry:default@BuildJS' cost while wrapping incremental declarations: 1 ms 
[2026-03-03T22:10:20.857] [DEBUG] debug-file - entry : default@BuildJS cost memory 0.131317138671875
[2026-03-03T22:10:20.857] [DEBUG] debug-file - runTaskFromQueue task cost before running: 81 ms 
[2026-03-03T22:10:20.857] [INFO] debug-file - Finished :entry:default@BuildJS... after 1 ms 
[2026-03-03T22:10:20.857] [DEBUG] debug-file - Executing task :entry:default@CacheNativeLibs
[2026-03-03T22:10:20.857] [DEBUG] debug-file - Task 'entry:default@CacheNativeLibs' cost while wrapping incremental declarations: 1 ms 
[2026-03-03T22:10:20.857] [DEBUG] debug-file - Incremental task entry:default@CacheNativeLibs pre-execution cost: 1 ms .
[2026-03-03T22:10:20.857] [DEBUG] debug-file - entry : default@CacheNativeLibs cost memory 0.068634033203125
[2026-03-03T22:10:20.857] [INFO] debug-file - UP-TO-DATE :entry:default@CacheNativeLibs...  
[2026-03-03T22:10:21.104] [WARN] debug-file - [33mWARN: [33m[33mArkTS:WARN File: /Users/jinglun/repository/DevEcoStudioProjects/WorkflowCelia/entry/src/main/ets/abilityprovider/localprovider/abilityhandler/CalendarHandler.ts:47:34
 Function may throw exceptions. Special handling is required.
[39m[39m

[2026-03-03T22:10:21.104] [DEBUG] debug-file - Ark compile task finished.finished time is 887809672864541
[2026-03-03T22:10:21.105] [DEBUG] debug-file - worker[4] has one work done.
[2026-03-03T22:10:21.105] [DEBUG] debug-file - default@CompileArkTS work[3] done.
[2026-03-03T22:10:21.105] [DEBUG] debug-file - A work dispatched to worker[4] failed because unable to get work from ready queue.
[2026-03-03T22:10:21.106] [INFO] debug-file - Finished :entry:default@CompileArkTS... after 250 ms 
[2026-03-03T22:10:21.106] [DEBUG] debug-file - Executing task :entry:default@GeneratePkgModuleJson
[2026-03-03T22:10:21.106] [DEBUG] debug-file - File: '/Users/jinglun/repository/DevEcoStudioProjects/WorkflowCelia/entry/build/default/intermediates/preload/default/preload.json' from 'preloadSoJsonPath' is not exists, just ignore.
[2026-03-03T22:10:21.106] [DEBUG] debug-file - Error occurs while handling @Input 'shouldDeduplicateHar': The "data" argument must be of type string or an instance of Buffer, TypedArray, or DataView. Received undefined
[2026-03-03T22:10:21.106] [DEBUG] debug-file - Task 'entry:default@GeneratePkgModuleJson' cost while wrapping incremental declarations: 1 ms 
[2026-03-03T22:10:21.107] [DEBUG] debug-file - entry : default@GeneratePkgModuleJson cost memory 0.15338897705078125
[2026-03-03T22:10:21.107] [DEBUG] debug-file - runTaskFromQueue task cost before running: 331 ms 
[2026-03-03T22:10:21.107] [INFO] debug-file - Finished :entry:default@GeneratePkgModuleJson... after 1 ms 
[2026-03-03T22:10:21.107] [DEBUG] debug-file - Executing task :entry:default@ProcessCompiledResources
[2026-03-03T22:10:21.107] [DEBUG] debug-file - File: '/Users/jinglun/repository/DevEcoStudioProjects/WorkflowCelia/entry/build/default/intermediates/preload/default/preload.json' from 'preloadSoJsonPath' is not exists, just ignore.
[2026-03-03T22:10:21.107] [DEBUG] debug-file - Task 'entry:default@ProcessCompiledResources' cost while wrapping incremental declarations: 1 ms 
[2026-03-03T22:10:21.107] [DEBUG] debug-file - entry : default@ProcessCompiledResources cost memory 0.05706787109375
[2026-03-03T22:10:21.107] [DEBUG] debug-file - runTaskFromQueue task cost before running: 332 ms 
[2026-03-03T22:10:21.108] [INFO] debug-file - Finished :entry:default@ProcessCompiledResources... after 1 ms 
[2026-03-03T22:10:21.108] [DEBUG] debug-file - Executing task :entry:default@PackageHap
[2026-03-03T22:10:21.109] [DEBUG] debug-file - Use tool [/Applications/DevEco-Studio.app/Contents/sdk/default/openharmony/toolchains/lib/app_packing_tool.jar]
 [
  'java',
  '-Dfile.encoding=utf-8',
  '-jar',
  '/Applications/DevEco-Studio.app/Contents/sdk/default/openharmony/toolchains/lib/app_packing_tool.jar',
  '--mode',
  'hap',
  '--force',
  'true',
  '--lib-path',
  '/Users/jinglun/repository/DevEcoStudioProjects/WorkflowCelia/entry/build/default/intermediates/stripped_native_libs/default',
  '--json-path',
  '/Users/jinglun/repository/DevEcoStudioProjects/WorkflowCelia/entry/build/default/intermediates/package/default/module.json',
  '--resources-path',
  '/Users/jinglun/repository/DevEcoStudioProjects/WorkflowCelia/entry/build/default/intermediates/res/default/resources',
  '--index-path',
  '/Users/jinglun/repository/DevEcoStudioProjects/WorkflowCelia/entry/build/default/intermediates/res/default/resources.index',
  '--pack-info-path',
  '/Users/jinglun/repository/DevEcoStudioProjects/WorkflowCelia/entry/build/default/outputs/default/pack.info',
  '--out-path',
  '/Users/jinglun/repository/DevEcoStudioProjects/WorkflowCelia/entry/build/default/outputs/default/entry-default-unsigned.hap',
  '--ets-path',
  '/Users/jinglun/repository/DevEcoStudioProjects/WorkflowCelia/entry/build/default/intermediates/loader_out/default/ets',
  '--pkg-context-path',
  '/Users/jinglun/repository/DevEcoStudioProjects/WorkflowCelia/entry/build/default/intermediates/loader/default/pkgContextInfo.json'
]
[2026-03-03T22:10:21.119] [DEBUG] debug-file - java daemon socket received message:{"code":0,"message":"pack success"}
[2026-03-03T22:10:21.120] [DEBUG] debug-file - entry : default@PackageHap cost memory 0.4097137451171875
[2026-03-03T22:10:21.120] [DEBUG] debug-file - runTaskFromQueue task cost before running: 344 ms 
[2026-03-03T22:10:21.120] [INFO] debug-file - Finished :entry:default@PackageHap... after 12 ms 
[2026-03-03T22:10:21.121] [DEBUG] debug-file - Executing task :entry:default@PackingCheck
[2026-03-03T22:10:21.123] [DEBUG] debug-file - entry : default@PackingCheck cost memory 0.32434844970703125
[2026-03-03T22:10:21.123] [DEBUG] debug-file - runTaskFromQueue task cost before running: 347 ms 
[2026-03-03T22:10:21.123] [INFO] debug-file - Finished :entry:default@PackingCheck... after 3 ms 
[2026-03-03T22:10:21.124] [DEBUG] debug-file - Executing task :entry:default@SignHap
[2026-03-03T22:10:21.134] [DEBUG] debug-file - java daemon socket close code:1000 reason:close by user
[2026-03-03T22:10:21.142] [DEBUG] debug-file - java daemon socket received message:{"code":0,"message":"verify profile success"}
[2026-03-03T22:10:21.143] [DEBUG] debug-file - java daemon socket close code:1000 reason:close by user
[2026-03-03T22:10:21.181] [DEBUG] debug-file - java daemon socket received message:{"code":0,"message":"sign app success"}
[2026-03-03T22:10:21.181] [DEBUG] debug-file - entry : default@SignHap cost memory 0.490142822265625
[2026-03-03T22:10:21.181] [DEBUG] debug-file - runTaskFromQueue task cost before running: 406 ms 
[2026-03-03T22:10:21.182] [INFO] debug-file - Finished :entry:default@SignHap... after 58 ms 
[2026-03-03T22:10:21.183] [DEBUG] debug-file - Executing task :entry:default@CollectDebugSymbol
[2026-03-03T22:10:21.183] [DEBUG] debug-file - entry : default@CollectDebugSymbol cost memory 0.09812164306640625
[2026-03-03T22:10:21.183] [DEBUG] debug-file - runTaskFromQueue task cost before running: 407 ms 
[2026-03-03T22:10:21.183] [INFO] debug-file - Finished :entry:default@CollectDebugSymbol... after 1 ms 
[2026-03-03T22:10:21.183] [DEBUG] debug-file - Executing task :entry:assembleHap
[2026-03-03T22:10:21.183] [DEBUG] debug-file - entry : assembleHap cost memory 0.01264190673828125
[2026-03-03T22:10:21.183] [DEBUG] debug-file - runTaskFromQueue task cost before running: 407 ms 
[2026-03-03T22:10:21.183] [INFO] debug-file - Finished :entry:assembleHap... after 1 ms 
[2026-03-03T22:10:21.184] [INFO] debug-file - BUILD SUCCESSFUL in 408 ms 
[2026-03-03T22:10:21.184] [DEBUG] debug-file - There is no need to refresh cache, since the incremental task entry:default@PreBuild is up-to-date.
[2026-03-03T22:10:21.184] [DEBUG] debug-file - Update task entry:default@CreateModuleInfo output file:/Users/jinglun/repository/DevEcoStudioProjects/WorkflowCelia/entry/build/default/generated/profile/default/ModuleInfo.ts cache.
[2026-03-03T22:10:21.184] [DEBUG] debug-file - Incremental task entry:default@CreateModuleInfo post-execution cost:1 ms .
[2026-03-03T22:10:21.184] [DEBUG] debug-file - There is no need to refresh cache, since the incremental task entry:default@GenerateMetadata is up-to-date.
[2026-03-03T22:10:21.184] [DEBUG] debug-file - There is no need to refresh cache, since the incremental task entry:default@MergeProfile is up-to-date.
[2026-03-03T22:10:21.184] [DEBUG] debug-file - There is no need to refresh cache, since the incremental task entry:default@CreateBuildProfile is up-to-date.
[2026-03-03T22:10:21.184] [DEBUG] debug-file - There is no need to refresh cache, since the incremental task entry:default@GeneratePkgContextInfo is up-to-date.
[2026-03-03T22:10:21.184] [DEBUG] debug-file - Update task entry:default@ProcessIntegratedHsp output file:/Users/jinglun/repository/DevEcoStudioProjects/WorkflowCelia/build/cache/default/integrated_hsp/integratedHspCache.json cache.
[2026-03-03T22:10:21.184] [DEBUG] debug-file - Incremental task entry:default@ProcessIntegratedHsp post-execution cost:1 ms .
[2026-03-03T22:10:21.184] [DEBUG] debug-file - There is no need to refresh cache, since the incremental task entry:default@MakePackInfo is up-to-date.
[2026-03-03T22:10:21.184] [DEBUG] debug-file - Update task entry:default@SyscapTransform input file:/Applications/DevEco-Studio.app/Contents/sdk/default/openharmony/toolchains/syscap_tool cache by regenerate.
[2026-03-03T22:10:21.184] [DEBUG] debug-file - Update task entry:default@SyscapTransform input file:/Applications/DevEco-Studio.app/Contents/sdk/default/openharmony/ets/api/device-define cache by regenerate.
[2026-03-03T22:10:21.184] [DEBUG] debug-file - Update task entry:default@SyscapTransform output file:/Users/jinglun/repository/DevEcoStudioProjects/WorkflowCelia/entry/build/default/intermediates/syscap/default/rpcid.sc cache.
[2026-03-03T22:10:21.184] [DEBUG] debug-file - Incremental task entry:default@SyscapTransform post-execution cost:1 ms .
[2026-03-03T22:10:21.184] [DEBUG] debug-file - There is no need to refresh cache, since the incremental task entry:default@ProcessProfile is up-to-date.
[2026-03-03T22:10:21.184] [DEBUG] debug-file - There is no need to refresh cache, since the incremental task entry:default@ProcessRouterMap is up-to-date.
[2026-03-03T22:10:21.184] [DEBUG] debug-file - There is no need to refresh cache, since the incremental task entry:default@ProcessShareConfig is up-to-date.
[2026-03-03T22:10:21.184] [DEBUG] debug-file - Update task entry:default@ProcessStartupConfig input file:/Users/jinglun/repository/DevEcoStudioProjects/WorkflowCelia/entry/build/default/intermediates/loader/default/pkgContextInfo.json cache by regenerate.
[2026-03-03T22:10:21.184] [DEBUG] debug-file - Update task entry:default@ProcessStartupConfig output file:/Users/jinglun/repository/DevEcoStudioProjects/WorkflowCelia/entry/build/default/intermediates/startup/default/startup_config.json cache.
[2026-03-03T22:10:21.184] [DEBUG] debug-file - Incremental task entry:default@ProcessStartupConfig post-execution cost:1 ms .
[2026-03-03T22:10:21.184] [DEBUG] debug-file - There is no need to refresh cache, since the incremental task entry:default@ProcessResource is up-to-date.
[2026-03-03T22:10:21.184] [DEBUG] debug-file - There is no need to refresh cache, since the incremental task entry:default@GenerateLoaderJson is up-to-date.
[2026-03-03T22:10:21.184] [DEBUG] debug-file - There is no need to refresh cache, since the incremental task entry:default@ProcessLibs is up-to-date.
[2026-03-03T22:10:21.184] [DEBUG] debug-file - There is no need to refresh cache, since the incremental task entry:default@CompileResource is up-to-date.
[2026-03-03T22:10:21.184] [DEBUG] debug-file - There is no need to refresh cache, since the incremental task entry:default@DoNativeStrip is up-to-date.
[2026-03-03T22:10:21.185] [DEBUG] debug-file - Update task entry:default@CompileArkTS input file:/Users/jinglun/repository/DevEcoStudioProjects/WorkflowCelia/entry/build/default/intermediates/loader/default cache by regenerate.
[2026-03-03T22:10:21.185] [DEBUG] debug-file - Update task entry:default@CompileArkTS input file:/Users/jinglun/repository/DevEcoStudioProjects/WorkflowCelia/entry/build/default/intermediates/res/default/ResourceTable.txt cache by regenerate.
[2026-03-03T22:10:21.185] [DEBUG] debug-file - Update task entry:default@CompileArkTS input file:/Users/jinglun/repository/DevEcoStudioProjects/WorkflowCelia/entry/build/default/intermediates/res/default/ark_module.json cache by regenerate.
[2026-03-03T22:10:21.185] [DEBUG] debug-file - Update task entry:default@CompileArkTS input file:/Users/jinglun/repository/DevEcoStudioProjects/WorkflowCelia/entry/build/default/intermediates/res/default/resources/base/profile cache by regenerate.
[2026-03-03T22:10:21.185] [DEBUG] debug-file - Update task entry:default@CompileArkTS input file:/Users/jinglun/repository/DevEcoStudioProjects/WorkflowCelia/entry/src/main/ets cache by regenerate.
[2026-03-03T22:10:21.185] [DEBUG] debug-file - Update task entry:default@CompileArkTS input file:/Users/jinglun/repository/DevEcoStudioProjects/WorkflowCelia/entry/build/default/intermediates/loader/default/pkgContextInfo.json cache by regenerate.
[2026-03-03T22:10:21.185] [DEBUG] debug-file - Update task entry:default@CompileArkTS input file:/Users/jinglun/repository/DevEcoStudioProjects/WorkflowCelia/entry/build/default/generated/profile/default/BuildProfile.ets cache by regenerate.
[2026-03-03T22:10:21.185] [DEBUG] debug-file - Update task entry:default@CompileArkTS input file:/Users/jinglun/repository/DevEcoStudioProjects/WorkflowCelia/entry/src/mock/mock-config.json5 cache by regenerate.
[2026-03-03T22:10:21.185] [DEBUG] debug-file - Update task entry:default@CompileArkTS output file:/Users/jinglun/repository/DevEcoStudioProjects/WorkflowCelia/entry/build/default/intermediates/loader_out/default/ets cache.
[2026-03-03T22:10:21.186] [DEBUG] debug-file - Incremental task entry:default@CompileArkTS post-execution cost:2 ms .
[2026-03-03T22:10:21.186] [DEBUG] debug-file - Update task entry:default@BuildJS input file:/Users/jinglun/repository/DevEcoStudioProjects/WorkflowCelia/entry/build/default/intermediates/loader/default cache by regenerate.
[2026-03-03T22:10:21.186] [DEBUG] debug-file - Update task entry:default@BuildJS input file:/Users/jinglun/repository/DevEcoStudioProjects/WorkflowCelia/entry/build/default/intermediates/res/default/ResourceTable.txt cache by regenerate.
[2026-03-03T22:10:21.186] [DEBUG] debug-file - Update task entry:default@BuildJS input file:/Users/jinglun/repository/DevEcoStudioProjects/WorkflowCelia/entry/build/default/intermediates/res/default/ark_module.json cache by regenerate.
[2026-03-03T22:10:21.186] [DEBUG] debug-file - Update task entry:default@BuildJS input file:/Users/jinglun/repository/DevEcoStudioProjects/WorkflowCelia/entry/build/default/intermediates/res/default/resources/base/profile cache by regenerate.
[2026-03-03T22:10:21.186] [DEBUG] debug-file - Update task entry:default@BuildJS input file:/Users/jinglun/repository/DevEcoStudioProjects/WorkflowCelia/entry/build/default/intermediates/loader/default/pkgContextInfo.json cache by regenerate.
[2026-03-03T22:10:21.186] [DEBUG] debug-file - Update task entry:default@BuildJS output file:/Users/jinglun/repository/DevEcoStudioProjects/WorkflowCelia/entry/build/default/intermediates/loader_out/default/js cache.
[2026-03-03T22:10:21.186] [DEBUG] debug-file - Incremental task entry:default@BuildJS post-execution cost:1 ms .
[2026-03-03T22:10:21.186] [DEBUG] debug-file - There is no need to refresh cache, since the incremental task entry:default@CacheNativeLibs is up-to-date.
[2026-03-03T22:10:21.186] [DEBUG] debug-file - Update task entry:default@GeneratePkgModuleJson input file:/Users/jinglun/repository/DevEcoStudioProjects/WorkflowCelia/entry/build/default/intermediates/res/default/module.json cache by regenerate.
[2026-03-03T22:10:21.186] [DEBUG] debug-file - Update task entry:default@GeneratePkgModuleJson output file:/Users/jinglun/repository/DevEcoStudioProjects/WorkflowCelia/entry/build/default/intermediates/package/default/module.json cache.
[2026-03-03T22:10:21.186] [DEBUG] debug-file - Incremental task entry:default@GeneratePkgModuleJson post-execution cost:1 ms .
[2026-03-03T22:10:21.186] [DEBUG] debug-file - Incremental task entry:default@ProcessCompiledResources post-execution cost:1 ms .
[2026-03-03T22:10:21.186] [DEBUG] debug-file - Update task entry:default@PackageHap input file:/Users/jinglun/repository/DevEcoStudioProjects/WorkflowCelia/entry/build/default/intermediates/stripped_native_libs/default cache by regenerate.
[2026-03-03T22:10:21.186] [DEBUG] debug-file - Update task entry:default@PackageHap input file:/Users/jinglun/repository/DevEcoStudioProjects/WorkflowCelia/entry/build/default/intermediates/res/default/module.json cache by regenerate.
[2026-03-03T22:10:21.186] [DEBUG] debug-file - Update task entry:default@PackageHap input file:/Users/jinglun/repository/DevEcoStudioProjects/WorkflowCelia/entry/build/default/intermediates/res/default/resources cache by regenerate.
[2026-03-03T22:10:21.186] [DEBUG] debug-file - Update task entry:default@PackageHap input file:/Users/jinglun/repository/DevEcoStudioProjects/WorkflowCelia/entry/build/default/intermediates/res/default/resources.index cache by regenerate.
[2026-03-03T22:10:21.186] [DEBUG] debug-file - Update task entry:default@PackageHap input file:/Users/jinglun/repository/DevEcoStudioProjects/WorkflowCelia/entry/build/default/outputs/default/pack.info cache by regenerate.
[2026-03-03T22:10:21.186] [DEBUG] debug-file - Update task entry:default@PackageHap input file:/Users/jinglun/repository/DevEcoStudioProjects/WorkflowCelia/entry/build/default/intermediates/loader_out/default/ets cache by regenerate.
[2026-03-03T22:10:21.186] [DEBUG] debug-file - Update task entry:default@PackageHap input file:/Users/jinglun/repository/DevEcoStudioProjects/WorkflowCelia/entry/build/default/intermediates/loader/default/pkgContextInfo.json cache by regenerate.
[2026-03-03T22:10:21.186] [DEBUG] debug-file - Update task entry:default@PackageHap input file:/Users/jinglun/repository/DevEcoStudioProjects/WorkflowCelia/entry/build/default/intermediates/loader_out/default/ets/sourceMaps.map cache by regenerate.
[2026-03-03T22:10:21.186] [DEBUG] debug-file - Update task entry:default@PackageHap input file:/Users/jinglun/repository/DevEcoStudioProjects/WorkflowCelia/entry/build/default/generated/profile/default/BuildProfile.ets cache by regenerate.
[2026-03-03T22:10:21.186] [DEBUG] debug-file - Update task entry:default@PackageHap output file:/Users/jinglun/repository/DevEcoStudioProjects/WorkflowCelia/entry/build/default/outputs/default/entry-default-unsigned.hap cache.
[2026-03-03T22:10:21.186] [DEBUG] debug-file - Update task entry:default@PackageHap output file:/Users/jinglun/repository/DevEcoStudioProjects/WorkflowCelia/entry/build/default/intermediates/source_map/default/sourceMaps.map cache.
[2026-03-03T22:10:21.187] [DEBUG] debug-file - Update task entry:default@PackageHap output file:/Users/jinglun/repository/DevEcoStudioProjects/WorkflowCelia/entry/build/default/outputs/default/mapping/sourceMaps.map cache.
[2026-03-03T22:10:21.187] [DEBUG] debug-file - Incremental task entry:default@PackageHap post-execution cost:1 ms .
[2026-03-03T22:10:21.187] [DEBUG] debug-file - Update task entry:default@SignHap input file:/Users/jinglun/.ohos/config/default_WorkflowCelia_vTcIZOLaoNzhRMv9AYFn31yHHcmWK0Eb-JedZXmAYvs=.cer cache by regenerate.
[2026-03-03T22:10:21.187] [DEBUG] debug-file - Update task entry:default@SignHap input file:/Users/jinglun/.ohos/config/default_WorkflowCelia_vTcIZOLaoNzhRMv9AYFn31yHHcmWK0Eb-JedZXmAYvs=.p7b cache by regenerate.
[2026-03-03T22:10:21.187] [DEBUG] debug-file - Update task entry:default@SignHap input file:/Users/jinglun/.ohos/config/default_WorkflowCelia_vTcIZOLaoNzhRMv9AYFn31yHHcmWK0Eb-JedZXmAYvs=.p12 cache by regenerate.
[2026-03-03T22:10:21.187] [DEBUG] debug-file - Update task entry:default@SignHap input file:/Users/jinglun/repository/DevEcoStudioProjects/WorkflowCelia/entry/build/default/outputs/default/entry-default-unsigned.hap cache by regenerate.
[2026-03-03T22:10:21.187] [DEBUG] debug-file - Update task entry:default@SignHap output file:/Users/jinglun/repository/DevEcoStudioProjects/WorkflowCelia/entry/build/default/outputs/default/entry-default-signed.hap cache.
[2026-03-03T22:10:21.187] [DEBUG] debug-file - Incremental task entry:default@SignHap post-execution cost:1 ms .
[2026-03-03T22:10:21.187] [DEBUG] debug-file - Update task entry:default@CollectDebugSymbol input file:/Users/jinglun/repository/DevEcoStudioProjects/WorkflowCelia/entry/build/default/intermediates/loader_out/default/ets/sourceMaps.map cache by regenerate.
[2026-03-03T22:10:21.187] [DEBUG] debug-file - Update task entry:default@CollectDebugSymbol input file:/Users/jinglun/repository/DevEcoStudioProjects/WorkflowCelia/entry/build/default/intermediates/libs/default cache by regenerate.
[2026-03-03T22:10:21.187] [DEBUG] debug-file - Update task entry:default@CollectDebugSymbol output file:/Users/jinglun/repository/DevEcoStudioProjects/WorkflowCelia/entry/build/default/outputs/default/symbol cache.
[2026-03-03T22:10:21.187] [DEBUG] debug-file - Incremental task entry:default@CollectDebugSymbol post-execution cost:1 ms .
[2026-03-03T22:10:21.191] [DEBUG] debug-file - hvigor build process will be closed.
[2026-03-03T22:10:21.191] [DEBUG] debug-file - java daemon socket close code:1000 reason:close by user
[2026-03-03T22:10:21.193] [DEBUG] debug-file - session manager: send message to worker process.
[2026-03-03T22:10:21.193] [DEBUG] debug-file - session manager: send message to worker process.
[2026-03-03T22:10:21.194] [DEBUG] debug-file - watch worker: worker id should be larger than 0. Nothing will be sent to any worker thread.
[2026-03-03T22:10:21.194] [DEBUG] debug-file - watch worker: worker id should be larger than 0. Nothing will be sent to any worker thread.
